,text
1,rt lurah duga kuat lokasi ibu kota baru r di kaltim satu sulit tembus sinyal telkomsel
2,lurah duga kuat lokasi ibu kota baru r di kaltim satu sulit tembus sinyal telkomsel
3,selamat jalan tugas
4,
5,just info telkomsel bangun bts g baru di kalimantan link
6,cermin wanita wanita ibu kota
7,seperti sangat ingin tinggal beberapa legacy al enggak
8,rt karena sudah resmi umum akan pindah ke kalimantan maka saat saya kenal dangdut banjar untuk meng
9,rt sejumlah gawai neger sipil di menteri dan lembaga pemerintah pusat a cemas pindah ke ibu kota baru di kalimanta
10,rt gua ulang biar keselek wkwkwk
11,rt gin saja harus sudah cukup baca sih
12,rt suatu saat kalian akan lomba renang lari dan loncat
13,suatu saat kalian akan lomba renang lari dan loncat
14,rt breaking news pansus pemindahan ibu kota negara tiba di samarinda kalimantan timur
15,rt
16,breaking news pansus pemindahan ibu kota negara tiba di samarinda kalimantan timur
17,lokasi ibu kota baru r di kalimantan timur klhk ingat bangun ibu kota negara jaga hulu demi air
18,ukur sinyal telkomsel di calon ibukota baru lewat
19,tuju dki ppu
20,pemerintah harus ajar pemindahan ibu kota dari kazakhstan
21,just info telkomsel punya lebih dari bts di lokasi ibu kota baru follow
22,rt calon ibu kota indonesia kabupaten najam paser utara ppu kalimantan timur sempat kepung kabut asap imbas bakar hu
23,rt tidak ada lima alas apa pemerintah tetap ibu kota di provinsi kalimat timur yaitu satu risiko be
24,rt risiko bencana yang minim rupa salah satu alas presiden r pilih provinsi kalimanta timur bagai loka
25,rt dasar timbang dan bagai kaji yang telah laku hari ini presiden resmi umum pemindah
26,calon ibu kota indonesia kabupaten najam paser utara ppu kalimantan timur sempat kepung kabut asap imbas ke
27,rt calon ibu kota indonesia kabupaten najam paser utara ppu kalimantan timur sempat kepung kabut asap imbas kebakara
28,rt ada yang baru nih apa
29,warga najam paser utara tolak jargas pemkab edukasi pakai jargas banyak untung
30,mentawir desa wisata di ibu kota negara r milik hutan bambu luas bisa kurang guna plastik
31,baru bagi pemenuhan pasar properti yang spekulatif timbang upaya besar sedia lingkung huni ya
32,update ibu kota negara urus perut bukan impor
33,baru yang mata untuk cipta uang investasi untuk hedge funds cipta yang tidak ada hubu
34,brasilia misal yang juga amat orientasi fisik skala besar dan mobil pribadi lebih tampak seperti tumpuk
35,belum hilang dari ingat proyek bandara kertajati yang dominan orientasi fisiknyapada akhir tidak jadi banda
36,sumberdaya yang begitu besar mobilisasi bagi produksi baru yang ironis pada akhir tidak ada penghu
37,seperti yang telah jadi di kota besar lainnyajangan sampai baru hanya untuk bagi kelompok upper
38,ambil contoh di negara timur tengah seperti dubai doha dengan bangun yang tampak absurd untuk sia
39,ada yang kenal dengan mahasiswa ini
40,asn se indonesia harus ikut atur uu asn
41,tokoh adat dan tokoh agama kota sorong
42,serbu kpk
43,komisioner playing victim
44,hatihati banyak provokasi yang tuju pecah belah stop hoax
45,yang jadi di tiongkok kota kota baru yang produksi bagi kebtuhan ekspansi sebut seringkali
46,rt baik selamat datang di area sambal terong pedas selamat buat kalimantan timur
47,rt yuk kita doa moga proses pindah ibu kota jalan dengan lancar moga dengan pindah ibu kota negara ke kali
48,rt bapak presiden umum ibu kota negara akan pindah ke kalimantan timur tentu di nanti kita harap
49,bangun kota produksi kota baru sudah jadi bagi besar utama dari proses tumpuk para
50,ajar brasilia jadi mesin sedot bagi tumpuk untuk biak kapital baru disu
51,yang bangun dari dekat helikopter tabur blok bangun suai selera kuasa dan hendak
52,ajar jauh meleset dari rencana awal bagai kota egaliter brasilia njelma jadi mesin besar p
53,ajar kamu dari brasilia muncul favela santa luziadipenuhi gubug dan metarial sisa keluarg
54,ajar kota brasilia yang mesti bangun agar egaliter kenyataanya lingkung huni yang terban
55,rt hanya di rezim ini wkwkw
56,ajar dari brasilia zona huni kelas kerja lokasi jauh dari pusat kotapekerja berangkat saja
57,hanya di rezim ini wkwkw
58,dekat rencana yang top down tidak partisipatif cermin dari bakal ibukota elitis yang c
59,jangan sampai justru jadi pulau sendiri yang terisolasijauh dari warga dari harap dan aspirasi
60,rujuk prof jangan gehl seperti pada desain tidak bisa rancang hanya dengan naik pesawat pulan
61,desain ini hanya peduli pada skala raksasa skala modal usaha dan abai hadap skala manusia
62,dengan desain baru yang demikian rencana tidak pernah pikir kota ini bisa nikmat sambil ber
63,kalimantan dari atas helikopter tampak dramatis heboh dengan karakter bintang lima dengan
64,rt perancana terbang tinggi tinggal bumi pijakannyadan mulai mengambardari tinggi yang jauh kota modern
65,perancana terbang tinggi tinggal bumi pijakannyadan mulai mengambardari tinggi yang jauh kak
66,ulang salah brasiliacity planning from high aboveindah dari helikopterkota skala besar yang
67,desain di kalimantan tampak sekal ulang dari brasilia yang bangun tahun blunder yang sebut
68,tuju banget aku dengan ibu baru dengan alas dan sebabkemacetan di jakarta
69,rt assalamualaikumapakabar
70,selamat tugas untuk jalan amanah
71,rt find on youtube adianna tv forget subscribe like and comment
72,rt pilgub anies aku datang aku lihat aku menang pilpres jokowi aku datang aku lihat aku pindah
73,rt coming soon hanya channel youtube adianna tv hati
74,rt presiden jokowi pindah ibu kota oposisi panas kunjung youtube adianna tv video lengkap
75,persebaya cit of heroes dokumentasi karya sablon shift custom made screen printing
76,kaos unniversary dokumentasi karya sablon shift custom made screen printing
77,saudara setia hati terate dokumentasi karya sablon shift custom made screen printing
78,ya aji ya ngopi manut opojare kiyai dokumentasi karya sablon shift custom made screen printing
79,psht nganjuk dokumentasi karya sablon shift custom made screen printing
80,sablon kaos santri dokumentasi karya sablon shift custom made screen printing
81,persib day dokumentasi karya sablon shift custom made screen printing
82,rt jemur lama gantung saja hilang apalagi asa
83,bisnis jual tanah di ibu kota baru
84,mentawir wisata unggul lokasi ibu kota baru indonesia di najam paser utara alam lestari jaga
85,unjung pantai manggar balikpapan keluh minim wahana hibur tak ada tambah
86,gua ulang biar keselek wkwkwk
87,mari samasama doa sejuk papua
88,status sangka kasus provokasi rusuh rasial
89,revisi uu kpk bukan untuk lemah tetapi ubah strategi agar kpk jadi lebih baik
90,stop provokasi dan ujar benci
91,hanya buat situasi makin gaduh
92,update ibu kota negara baru air bersih pasok dari bendung
93,lebih rincinya bagaimana dan agar lepas lahan sebut jatuh ke mereka yang benarbenar pas terima alias first home buyer ada
94,nah sejati negara bisa tiru yang lakon setneg untuk aset lahan di kota baru mayor kita lihat ada banyak
95,mari kita bahas tentang rencana pemerintah ngelego lahan negara di ibu kota baru untuk huni para milenial sejati
96,menteri rencana bangun nasional ppn dan kepala bappenas bambang brodjonegoro atak nilai barang mil
97,rt saya sudah di lokasi ya mbak
98,rt pemerintah segera cabut konsesi lahan sukanto tanoto di ibu kota baru tanah bukan tanah mi
99,festival kota lama
100,rt masa depan enggak bisa di lihat tapi bisa di siap
101,pemerintah segera cabut konsesi lahan sukanto tanoto di ibu kota baru tanah bukan
102,jaga damai papua dan papua barat
103,dahulu kala suku paser sudah ramal akan ada adab baru di wilayah najam kaltim
104,kalau tidak sa pulang ke indonesia dan beri klarifikasi
105,ham seruk cepat antik pimpin kpk pilih
106,agus rahardjo cs jilat ludah sendiri
107,angkat koper dari gedung kpk sekarang juga
108,update ibu kota negara tidak ada kabel listrik dan gas elpiji
109,mau tau berita kini dengan sudut pandang beda klik saja atau follow klik
110,alhamdulilah hujan ahirnya calon
111,ibu kota negara r pindah ke kalimantan timur bangun gedung baru dpr r di jakarta batal
112,indonesia tanah air beta
113,dpr batal ingin bangun gedung baru di kompleks parlemen jakarta susul rencana pemerintah min
114,ibu kota baru indonesia loh
115,siap atau tidak saya tidak akan izin konsesi lahan jadi tempat lokasi karena sudah jadi lokasi ra
116,pemindahan ibukota indonesia enggak perlu jauh ke kalimantan kan deh jadi lokasi titik api rawan karhutla dan bencana
117,rejeki nomplok nih pak usaha kenal yang jadi trending br ini bakal jadi otak balik gagal rencana
118,saya rasa saya ke kalimantan timur bakal jadi lokasi paling rawan karhutla dan kabut asap saya punya sol
119,menteri lingkung hidup dan hutan klhk tengah siap kaji lingkung hidup strategis klhs untuk
120,menteri agraria dan tata ruang atr sofyan djalil berik respon soal lahan konsesi miliuner di ibu kota baru
121,untuk papua tetap satu tetap indonesia
122,wildfires loosening corruption racism discrimination and h
123,sila pindah ibukota karena jakarta akan kami buat seperti kota sayidina muhammad saw takbir
124,rt pemerintah segera cabut konsesi lahan sukanto tanoto di ibu kota baru jadi tanah bukan milik sih
125,yayat supriati nilai perlu ada orang yang tugas khusus menangani pemindahan ibu kota dari jakarta ke kuta
126,ayo kita dukung revisi uu kpk
127,calon ibu kota r dampak kabut asap dapat informasi lain dan live streaming di
128,rt menteri rencana bangun nasional ppnkepala bappenas bambang brodjonegoro atak telah minta klhk untuk p
129,pengambilalihan konsesi lahan sebut bisa laku tanpa syarat ganti rugi dari negara
130,presiden jokowi cabut lahan sukanto tanoto di ibu kota baru pada oktober
131,pemerintah lalu klhk sedang siap lepas status lahan hti milik sukant
132,karena lepas konsesi lahan status hti bisa laku tanpa tunggu masa konsesi habis
133,rt atur bisa tanpa ganti rugi karena memang ketika mereka dapat lahan itu mereka sudah tahu konsekuensi
134,rt presiden jokowi cabut lahan sukanto tanoto di ibu kota baru pada oktober
135,rt konsesi lahan tanoto segera cabut untuk ibu kota baru
136,rt lepas konsesi lahan status hti bisa laku tanpa tunggu masa konsesi habis karena lahan sebut guna untuk
137,lepas konsesi lahan status hti bisa laku tanpa tunggu masa konsesi habis karena lahan sebut guna
138,konsesi lahan tanoto segera cabut untuk ibu kota baru
139,rt jadi ibu kota baru lahan sukanto tanoto diambilalih negara
140,rt wakil ketua umum gerindra arief poyuono ajak warga dki jakarta tolak rencana presiden joko widodo alias jokowi obral
141,atur bisa tanpa ganti rugi karena memang ketika mereka dapat lahan itu mereka sudah tahu konsekuensi
142,rt pemerintah cabut status konsesi lahan usaha sukanto tanoto untuk ibu kota baru
143,rt pengambilalihan konsesi lahan sukanto tanoto bisa laku tanpa syarat ganti rugi dari negara
144,rt untuk penting negara konsesi lahan usaha sukanto tanoto cabut
145,sukanto bisa antisipasi dampak dari pengambilalihan konsesi lahan sebut
146,wakil ketua umum gerindra arief poyuono ajak warga dki jakarta tolak rencana presiden joko widodo alias jokow
147,untuk penting negara konsesi lahan usaha sukanto tanoto cabut
148,breaking news karhutla gunung seteleng najam paser utara kaltim bara lagi
149,bambang brodjonegoro pemerintah lalu klhk sedang siap lepas status lahan hutan tanam
150,jadi ibu kota baru lahan sukanto tanoto diambilalih negara
151,hal ini laku jalan dengan minta bappenas agar bangun ibu kota baru tetap suai jadwal yang t
152,pemerintah lalu menteri lingkung hidup dan hutan klhk tengah siap lepas status terse
153,menteri rencana bangun nasionalkepala bappenas bambang psih brodjonegoro satak konsesi lahan suka
154,bangun ibu kota baru tetap akan jalan suai jadwal yang tetap pemerintah rencana konstruksi t
155,lahan milik negara ibukota baru siap bangun
156,lahan hti di kawasan ibukota baru milik negara
157,pemandangan tengah macet demo ada papan tulis pindah dan pindah planet menar
158,lahan ibukota baru tidak ada ganti rugi
159,pengambilalihan konsesi lahan sukanto tanoto bisa laku tanpa syarat ganti rugi dari negara
160,pemerintah cabut status konsesi lahan usaha sukanto tanoto untuk ibu kota baru
161,update ibu kota negara bangun jalan groundbreaking
162,pemerintah segera cabut konsesi lahan sukanto tanoto di ibu kota baru jadi tanah buka
163,lahan mau pakai ibu kota negara naga tak kutik
164,rt bappenas sebut akhir tahun konsensi lahan sukanto tanoto di kalimantan timur akan tarik
165,rt canggih ibu kota negara baru akan punya angkut massal tanpa awak
166,bappenas sebut akhir tahun konsensi lahan sukanto tanoto di kalimantan timur akan tarik
167,anggota dpr r asal kalimantan bentuk kaukus dpr r mulus pemindahan ibu kota negara ke kaltim
168,makan siang sambil ngopi pertama kali di lapo sentul bogor jawa barat dan jawa b
169,canggih ibu kota negara baru akan punya angkut massal tanpa awak
170,jadi salah satu portal online besar di indonesia yang basis koran lokal di usia tahun
171,rt budi karya bilang pihak telah siap konsep smart city smart mobility untuk tunjang konektivitas di ibu kota baru n
172,rt ikut jejak indonesia kini thailand pun ingin pindah ibu kota dengan alas yang sama dengan presiden jokowi rabu se
173,tindaklanjutnya untuk yang tolak gusur akan kena jerat hukum
174,tidak pindah ibu kota negara ke kalimantan timur dari sekarang davao yang akan kembang
175,ikut jejak indonesia kini thailand pun ingin pindah ibu kota dengan alas yang sama dengan presiden jokowi ra
176,enggak usah tanggap pak karena dia enggak paham mana hak milik hgb hgu kalau dia paham pasti tida
177,rt menhub budi karya sumadi tinjau lokasi calon ibu kota baru di samboja kabupaten kuta kartanegara dengan gu
178,rt gadis gadis ibu kota baru
179,bhay paruparu dunia terima kasih sudah jadi tolong kami lama ini tampak lah
180,rt lahan calon ibu kota baru sebut milik sukanto tanoto
181,klasement lap pro kontra
182,orang jakarta bilang saya gue jadi ibu kota mau pindah ke kalimantan apakah orang kalimantan omong saya gue
183,rt ibu kota bakal pindah ke kalimantan apakah hal ini juga bakal pengaruh sama geliat skena musik di pulau kalimantan
184,rt sukanto tanoto diketahui milik konsesi lahan di lokasi calon ibu kota baru belum lahan sebut milik oleh hashi
185,rt pace jangan patah semangat demi indonesia demi papua
186,budi karya bilang pihak telah siap konsep smart city smart mobility untuk tunjang konektivitas di ibu kak
187,sukanto tanoto diketahui milik konsesi lahan di lokasi calon ibu kota baru belum lahan sebut milik
188,ruu tanah payung hukum
189,menteri rencana bangun nasional ppnkepala bappenas bambang brodjonegoro atak telah minta klhk
190,pace jangan patah semangat demi indonesia demi papua
191,ribu tnipolri bakal aman ke ibu kota baru baca lengkap di sini
192,rt ibu kota baru di kalimantan timur kabar akan tempat bagi lahan yang kuasa sukanto tanoto lahan sebut sama
193,rt ibu kota baru di kalimantan timur kabar akan tempat bagi lahan yang kuasa sukanto tanoto lahan sebut merup
194,ibu kota baru di kalimantan timur kabar akan tempat bagi lahan yang kuasa sukanto tanoto lahan s
195,bappenas jelas soal kabar lokasi ibu kota baru r di kalimantan timur kuasa sukanto tanoto
196,menhub budi karya sumadi tinjau lokasi calon ibu kota baru di samboja kabupaten kuta kartanegara dengan
197,kepala bappenas benar lahan ibu kota baru kuasa sukanto tanoto financedetikcom
198,siapa sukanto tanoto konglomerat yang sebut punya lahan hti di kawasan calon ibu kota baru r
199,menteri hubung kagum lokasi ibu kota baru r di kalimantan timur tempat ini sebut cantik
200,dukung revisi uu kpk
201,ibu kota bakal pindah ke kalimantan apakah hal ini juga bakal pengaruh sama geliat skena musik di pulau kaliman
202,kawasan bukit sentul city bogor jawa barat indonesia jawa barat saing kalimant
203,rt khusus rumah aparatur sipil negara asn atau pns di ibu kota baru bambang sebut desain ialah huni vertikal di ibu
204,moda transportasi di calon ibu kota baru indonesia diri atas beberapa pilih bus angkut umum hingga ojek o
205,malah bikin lancar jaya enggak akan ada konflik dengan masyarakat adat a
206,sukanto tanoto kuasa lahan hti di lokasi ibu kota baru r dan target capai maju didik
207,nyata hidup di jekardah itu keras ya makanya enggak cocok lagi jadi dki neg
208,siapa sukanto tanoto orang yang sebut kuasa lahan hti di kawasan ibu kota baru kalimantan timur
209,rt moda transportasi di calon ibu kota baru indonesia diri atas beberapa pilih bus angkut umum hingga ojek opnline
210,siapa sukanto tanoto milik lahan di calon ibu kota baru r
211,ini toh kuasa tanah ibu kota baru indonesia muka mirip tokoh jahat di film kungfu hustle ya tokoh sakti y
212,ya habis uang nya mau pakai dulu buat bikin sama pak
213,bahas tol balsam presiden joko widodo singgung samboja lokasi ibu kota baru r di kalimantan timur
214,novel tempo dan indonesia leaks laku mufakat jahat bocor rahasia negara
215,pbb mulai intervensi masalah veronica koman dan ganggu wewenang polri
216,alas apa kpk perlu dewan awas
217,selain jadi adik rafathar citacita admin yang lain adalah jadi anak pak sukanto tanoto
218,orang konglomerat indonesia sukanto tanoto sebut kuasa lahan hti di kawasan
219,rt menteri hubung budi karya sumadi hari ini laku kunjung kerja ke provinsi kalimantan timur beliau jadwal men
220,sukanto tanoto milik lahan ibu kota baru bappenas blakblakan soal ini
221,menteri hubung budi karya sumadi hari ini laku kunjung kerja ke provinsi kalimantan timur beliau dijad
222,terima kasih pada baca solopos pada hut ke kami luncur website baru bagai simbol semangat ubah
223,kuta indonesia style highway road
224,gin saja harus sudah cukup baca sih
225,bimbing teknis tingkat tata kelola destinasi pariwisata kota balikpapan
226,lahan calon ibu kota baru sebut milik sukanto tanoto
227,rt ungkap tanah r kuasa oleh china atas nama sukanto tanoto
228,nanggung amat ya kenapa enggak kalian
229,ungkap tanah r kuasa oleh china atas nama sukanto tanoto
230,rt ibu kota baru di kalimantan timur akan tempat lahan yang kuasa miliuner sukanto tanoto lahan sebut rupa hutan
231,rt walikota balikpapan minta institut teknologi kalimantan itk jadi proyek national
232,lain anak urang sugih ayo mandi
233,ibu kota baru di kalimantan timur akan tempat lahan yang kuasa miliuner sukanto tanoto lahan sebut rupa
234,rt kepala bappenas bambang brodjonegoro beri tanggap soal bencana bakar hutan kait dengan lokasi ibu kota baru
235,kepala bappenas bambang brodjonegoro beri tanggap soal bencana bakar hutan kait dengan lokasi ibu kot
236,rt kepala bappenas bambang brodjonegoro beri tanggap soal bencana bakar hutan kait dengan lokasi ibu kota baru di
237,rt khusus rumah aparatur sipil negara asn atau pns di ibu kota baru bambang sebut desain ialah huni vertikal di
238,rt dialog nasional iv pemindahan ibu kota negara jual aset negara bukan opsi utama lengkap hati
239,jackpot dewa di golden crown poker bonus new member max rp bonus hari max rp bonus
240,detikers yuk ikut jalan tim detikcom jelajah lokasi calon ibu kota baru republik indonesia di kalimantan
241,khusus rumah aparatur sipil negara asn atau pns di ibu kota baru bambang sebut desain ialah huni vertika
242,kepala bappenas bambang brodjonegoro jelas beda antara bangun kota mandiri dengan bangun ibu kak
243,pansus pemindahan ibu kota negara bakal bahas spesifik lokasi serta aparatur dan regulasi
244,dialog nasional iv pemindahan ibu kota negara jual aset negara bukan opsi utama leng
245,biasa kalo gedung lama enggak pakai bakal jadi tempat uji nyali atau paling banter jadi museum sih apakah ged
246,rt najam paser utara rupa lokasi yang putus jokowi bagai ibu kota baru untuk bukti kami menyambangi kab
247,selamat tugas pak
248,revisi undangundang kpk jalan mulus barter dengan pemindahan ibu kota negara di kaltim
249,najam paser utara rupa lokasi yang putus jokowi bagai ibu kota baru untuk bukti kami menya
250,menteri dan usaha properti akan kumpul dalam acara rakornas bidang properti kamar dagang industri kadin
251,rt dua kabupaten di kaltim pasti akan jadi ibu kota yaitu kuta kartanegara dan najam paser utara yuk lihat potret ke
252,hasut bambang widjojanto
253,oap telah kembali ke ibu pertiwi
254,hutan asri nkri makmur
255,mari dukung pimpin kpk yang baru
256,waspada manuver talib kpk
257,papua new guinea selalu dukung papua dan papua barat adalah bagi nkri
258,dpr resmi revisi uu kpk
259,dua kabupaten di kaltim pasti akan jadi ibu kota yaitu kuta kartanegara dan najam paser utara yuk lihat
260,pemindahan ibu kota negara ke kaltim demi hilang timpang saat indonesia usia tahun
261,yakin ibukota mau pindah ke kalimantan pak nanti kalo lagi kerja kebul asap bagaimana bisa henti pemerintaha
262,rt wah sekarang indonesia punya congrats kalimantan timur btw followers ada yang dari kal
263,parade foto miss glam world muncrat air padam karhutla di calon lokasi ibu kota baru r
264,ibukota baru nanti kena agas juga enggak ya
265,rt pemerintah rencana untuk jual bagi lahan di ibu kota baru negara ke kalangan umum lantas kapan lahan sebut siap
266,buat tutup utang haha rt pemerintah rencana untuk jual bagi lahan di i
267,pemerintah rencana untuk jual bagi lahan di ibu kota baru negara ke kalangan umum lantas kapan lahan s
268,pindah ibukota indonesia ke kalimantan timur masih tuai pro dan kontra di dpr dan pemerintahan tapi sepert
269,rt pemerintah klaim milik aset kitar rp triliun di jakarta aset itu nilai bisa jadi modal dana dalam memind
270,komunitas industri big data jadi fondasi utama revolusi industri
271,komunitas industri tumbuh pasar sarung tang karet di dunia
272,bravo makin gencar bangun di
273,komunitas industri ulas dampak ledak konsumen kelas tengah di
274,riset industri indonesian lubricant industry market research
275,data industri ledak konsumen kelas tengah dorong market demand rp triliun
276,rt cc apa kita butuh
277,menteri lingkung hidup dan hutan mastik susun kaji lingkung hidup strategis bangun ibu
278,bakal di juluk neger di atas asap
279,rt pengumumanpengmuman presiden bakal umum lokasi persis ibu kota negara yang baru di pulau kalimantan siang nya
280,menteri atrbpn sofyan djalil atak pemerintah akan bentuk badan otorita untuk atur lahan di ibu kota b
281,ibu kota baru aman dari bakar hutan dan lahan
282,cc apa kita butuh
283,liput sctv kena jalan poros samarinda anggana yang rusak sudah lima tahun dan korban regang nyawa
284,pemerintah saat ini sedang godok rancang undangundang ruu tentang tanah bagaimana strategi yang si
285,update ibu kota negara bikin pansus pemindahan ibukota dpr gerak cepat
286,rt bukit batuah balikpapan selimut kabut asap dan ancam sehat warga derita ispa
287,rt pemerintah saat ini sedang godok rancang undangundang ruu tentang tanah bagaimana strategi yang siap
288,beri dukung untuk revisi uu kpk
289,bukit batuah balikpapan selimut kabut asap dan ancam sehat warga derita ispa
290,temu audit bpk satak sistem kpk masa
291,majalah tempo langgar pasal a kitab undangundang hukum pidana
292,bersih kpk dari kelompok radikal dan talib
293,usir para provokator dari kpk
294,ada temu rahasia antara pas fz dan wadah gawai kpk
295,bersih kpk dari para talib
296,jika rasa tidak sa apa kabur
297,revisi uu kpk jadi kpk lebih baik
298,masalah mana yang akan selesa lebih dahulu jika ibu kota pilih karena letak di tengah tengah
299,rt pemerintah klaim milik aset kitar rp triliun di jakarta aset itu nilai bisa jadi modal dana dalam me
300,pemerintah klaim milik aset kitar rp triliun di jakarta aset itu nilai bisa jadi modal dana sudah
301,presiden jokowi menyetujui bentuk dewan awas kpk
302,kemarin pamit sekarang balik lagi
303,rt saat bangun pagi aku kira embun yang sapa nyata kabut asap yang timpa biar pun level udara bahaya yaudah sepeda a
304,dominasi pdip ini daftar anggota pansus ibu kota kaltim
305,rt kalo pakai ilmu sok tau desadesa yang gue highlight dengan warna kuning potensi besar jadi lokasi inti dari calon ibukota
306,pemerintah punya modal bangun ibu kota baru r dari aset di jakarta nilai rp triliun
307,rintis jalur eksport hak cipta most wanted entrepreneur
308,rt kepala bappenas bambang brodjonegoro nilai dengan pemindahan ibu kota investasi ke kalimantan timur kaltim akan lonjak
309,jpo nya keren diibukota baru kapan ada jpo yang kerenyaa the sultan hotel residen
310,kepala bappenas bambang brodjonegoro nilai dengan pemindahan ibu kota investasi ke kalimantan timur kaltim aka
311,rt untuk tahu potensi investasi yang sebab pemindahan ibu kota baru bappenas laku diskusi nasional bahas
312,untuk tahu potensi investasi yang sebab pemindahan ibu kota baru bappenas laku diskusi nasional me
313,pindah ibukota ke kalimantan bisa nebelin buku sejarah lagi nih
314,saat bangun pagi aku kira embun yang sapa nyata kabut asap yang timpa biar pun level udara bahaya yaudah sep
315,rt ingat dulu kau tinggal layak sampah kau lihat bagai orang tak harga tangis sayang sesal semua yang
316,dpr r belum bentuk pansus undangundang ibu kota baru nanti pansus isi banyak pdi juang
317,pupr siap tol samarindabontang untuk ibu kota baru
318,pimpin kpk yang mundur itu cengeng
319,era kpk talib
320,pimpin kpk ingkar sumpah
321,undang liput lepas tanggung jawab para pimpin kpk
322,untuk kpk yang lebih sehat
323,ibu kota mau pindah begini faktafakta potensi tani di kaltim
324,halo gyro sambil ngisi luang di sela macet ramai pulang kantor hayoo ada yang bisa tebak dalam waktu
325,rt sudah tau kalian tentang ibukota baru indonesia
326,rt daerah jakarta mana turut kalian semua yang paling kece kalau turut kita sih sini
327,daerah jakarta mana turut kalian semua yang paling kece kalau turut kita sih sini
328,rt komunitas industri ulas strategi unicorn o bisnis jadi lab
329,komunitas industri ulas strategi unicorn o bisnis jadi lab
330,rt polemik standar ndpe vs ispo di industri kebun sawit
331,polemik standar ndpe vs ispo di industri kebun sawit
332,r serang balik eropa karena biodiesel hambat bm impor
333,setelah eropa rusia diamdiam bakal naik pajak sawit r hingga
334,selamat pagi dunia selamat jalan aktivitas bagi yang sedang phbpts moga di beri mudah dalam mengerjaka
335,selamat pilih ketua kpk
336,untuk ubah lebih baik
337,program dukung untuk papua
