text,score
rt lurah duga kuat lokasi ibu kota baru r di kaltim satu sulit tembus sinyal telkomsel,2
lurah duga kuat lokasi ibu kota baru r di kaltim satu sulit tembus sinyal telkomsel,2
selamat jalan tugas,0
just info telkomsel bangun bts g baru di kalimantan link,1
cermin wanita wanita ibu kota,2
seperti sangat ingin tinggal beberapa legacy al enggak,1
rt karena sudah resmi umum akan pindah ke kalimantan maka saat saya kenal dangdut banjar untuk meng,-1
rt sejumlah gawai neger sipil di menteri dan lembaga pemerintah pusat a cemas pindah ke ibu kota baru di kalimanta,2
rt gua ulang biar keselek wkwkwk,-2
rt gin saja harus sudah cukup baca sih,-2
rt suatu saat kalian akan lomba renang lari dan loncat,-1
suatu saat kalian akan lomba renang lari dan loncat,-1
rt breaking news pansus pemindahan ibu kota negara tiba di samarinda kalimantan timur,0
breaking news pansus pemindahan ibu kota negara tiba di samarinda kalimantan timur,0
lokasi ibu kota baru r di kalimantan timur klhk ingat bangun ibu kota negara jaga hulu demi air,0
ukur sinyal telkomsel di calon ibukota baru lewat,1
tuju dki ppu,0
pemerintah harus ajar pemindahan ibu kota dari kazakhstan,-1
just info telkomsel punya lebih dari bts di lokasi ibu kota baru follow,1
rt calon ibu kota indonesia kabupaten najam paser utara ppu kalimantan timur sempat kepung kabut asap imbas bakar hu,-3
rt tidak ada lima alas apa pemerintah tetap ibu kota di provinsi kalimat timur yaitu satu risiko be,0
rt risiko bencana yang minim rupa salah satu alas presiden r pilih provinsi kalimanta timur bagai loka,-1
rt dasar timbang dan bagai kaji yang telah laku hari ini presiden resmi umum pemindah,-3
calon ibu kota indonesia kabupaten najam paser utara ppu kalimantan timur sempat kepung kabut asap imbas ke,-1
rt calon ibu kota indonesia kabupaten najam paser utara ppu kalimantan timur sempat kepung kabut asap imbas kebakara,-2
rt ada yang baru nih apa,1
warga najam paser utara tolak jargas pemkab edukasi pakai jargas banyak untung,1
mentawir desa wisata di ibu kota negara r milik hutan bambu luas bisa kurang guna plastik,0
baru bagi pemenuhan pasar properti yang spekulatif timbang upaya besar sedia lingkung huni ya,1
update ibu kota negara urus perut bukan impor,-2
baru yang mata untuk cipta uang investasi untuk hedge funds cipta yang tidak ada hubu,3
brasilia misal yang juga amat orientasi fisik skala besar dan mobil pribadi lebih tampak seperti tumpuk,0
belum hilang dari ingat proyek bandara kertajati yang dominan orientasi fisiknyapada akhir tidak jadi banda,-2
sumberdaya yang begitu besar mobilisasi bagi produksi baru yang ironis pada akhir tidak ada penghu,1
seperti yang telah jadi di kota besar lainnyajangan sampai baru hanya untuk bagi kelompok upper,2
ambil contoh di negara timur tengah seperti dubai doha dengan bangun yang tampak absurd untuk sia,2
ada yang kenal dengan mahasiswa ini,0
asn se indonesia harus ikut atur uu asn,-1
tokoh adat dan tokoh agama kota sorong,1
serbu kpk,0
komisioner playing victim,0
hatihati banyak provokasi yang tuju pecah belah stop hoax,-3
yang jadi di tiongkok kota kota baru yang produksi bagi kebtuhan ekspansi sebut seringkali,1
rt baik selamat datang di area sambal terong pedas selamat buat kalimantan timur,1
rt yuk kita doa moga proses pindah ibu kota jalan dengan lancar moga dengan pindah ibu kota negara ke kali,0
rt bapak presiden umum ibu kota negara akan pindah ke kalimantan timur tentu di nanti kita harap,0
bangun kota produksi kota baru sudah jadi bagi besar utama dari proses tumpuk para,2
ajar brasilia jadi mesin sedot bagi tumpuk untuk biak kapital baru disu,0
yang bangun dari dekat helikopter tabur blok bangun suai selera kuasa dan hendak,0
ajar jauh meleset dari rencana awal bagai kota egaliter brasilia njelma jadi mesin besar p,-3
ajar kamu dari brasilia muncul favela santa luziadipenuhi gubug dan metarial sisa keluarg,-2
ajar kota brasilia yang mesti bangun agar egaliter kenyataanya lingkung huni yang terban,-1
rt hanya di rezim ini wkwkw,0
ajar dari brasilia zona huni kelas kerja lokasi jauh dari pusat kotapekerja berangkat saja,-3
hanya di rezim ini wkwkw,0
dekat rencana yang top down tidak partisipatif cermin dari bakal ibukota elitis yang c,0
jangan sampai justru jadi pulau sendiri yang terisolasijauh dari warga dari harap dan aspirasi,0
rujuk prof jangan gehl seperti pada desain tidak bisa rancang hanya dengan naik pesawat pulan,3
desain ini hanya peduli pada skala raksasa skala modal usaha dan abai hadap skala manusia,-2
dengan desain baru yang demikian rencana tidak pernah pikir kota ini bisa nikmat sambil ber,1
kalimantan dari atas helikopter tampak dramatis heboh dengan karakter bintang lima dengan,2
rt perancana terbang tinggi tinggal bumi pijakannyadan mulai mengambardari tinggi yang jauh kota modern,0
perancana terbang tinggi tinggal bumi pijakannyadan mulai mengambardari tinggi yang jauh kak,-1
ulang salah brasiliacity planning from high aboveindah dari helikopterkota skala besar yang,-2
desain di kalimantan tampak sekal ulang dari brasilia yang bangun tahun blunder yang sebut,-1
tuju banget aku dengan ibu baru dengan alas dan sebabkemacetan di jakarta,1
rt assalamualaikumapakabar,0
selamat tugas untuk jalan amanah,1
rt find on youtube adianna tv forget subscribe like and comment,0
rt pilgub anies aku datang aku lihat aku menang pilpres jokowi aku datang aku lihat aku pindah,1
rt coming soon hanya channel youtube adianna tv hati,0
rt presiden jokowi pindah ibu kota oposisi panas kunjung youtube adianna tv video lengkap,-2
persebaya cit of heroes dokumentasi karya sablon shift custom made screen printing,0
kaos unniversary dokumentasi karya sablon shift custom made screen printing,0
saudara setia hati terate dokumentasi karya sablon shift custom made screen printing,0
ya aji ya ngopi manut opojare kiyai dokumentasi karya sablon shift custom made screen printing,-2
psht nganjuk dokumentasi karya sablon shift custom made screen printing,0
sablon kaos santri dokumentasi karya sablon shift custom made screen printing,0
persib day dokumentasi karya sablon shift custom made screen printing,0
rt jemur lama gantung saja hilang apalagi asa,-3
bisnis jual tanah di ibu kota baru,0
mentawir wisata unggul lokasi ibu kota baru indonesia di najam paser utara alam lestari jaga,2
unjung pantai manggar balikpapan keluh minim wahana hibur tak ada tambah,1
gua ulang biar keselek wkwkwk,-2
mari samasama doa sejuk papua,0
status sangka kasus provokasi rusuh rasial,-2
revisi uu kpk bukan untuk lemah tetapi ubah strategi agar kpk jadi lebih baik,-1
stop provokasi dan ujar benci,-3
hanya buat situasi makin gaduh,-1
update ibu kota negara baru air bersih pasok dari bendung,1
lebih rincinya bagaimana dan agar lepas lahan sebut jatuh ke mereka yang benarbenar pas terima alias first home buyer ada,-1
nah sejati negara bisa tiru yang lakon setneg untuk aset lahan di kota baru mayor kita lihat ada banyak,1
mari kita bahas tentang rencana pemerintah ngelego lahan negara di ibu kota baru untuk huni para milenial sejati,1
menteri rencana bangun nasional ppn dan kepala bappenas bambang brodjonegoro atak nilai barang mil,-2
rt saya sudah di lokasi ya mbak,-1
rt pemerintah segera cabut konsesi lahan sukanto tanoto di ibu kota baru tanah bukan tanah mi,-3
festival kota lama,0
rt masa depan enggak bisa di lihat tapi bisa di siap,2
pemerintah segera cabut konsesi lahan sukanto tanoto di ibu kota baru tanah bukan,-2
jaga damai papua dan papua barat,0
dahulu kala suku paser sudah ramal akan ada adab baru di wilayah najam kaltim,1
kalau tidak sa pulang ke indonesia dan beri klarifikasi,0
ham seruk cepat antik pimpin kpk pilih,1
agus rahardjo cs jilat ludah sendiri,0
angkat koper dari gedung kpk sekarang juga,1
update ibu kota negara tidak ada kabel listrik dan gas elpiji,-1
mau tau berita kini dengan sudut pandang beda klik saja atau follow klik,-5
alhamdulilah hujan ahirnya calon,1
ibu kota negara r pindah ke kalimantan timur bangun gedung baru dpr r di jakarta batal,2
indonesia tanah air beta,-2
dpr batal ingin bangun gedung baru di kompleks parlemen jakarta susul rencana pemerintah min,0
ibu kota baru indonesia loh,1
siap atau tidak saya tidak akan izin konsesi lahan jadi tempat lokasi karena sudah jadi lokasi ra,-1
pemindahan ibukota indonesia enggak perlu jauh ke kalimantan kan deh jadi lokasi titik api rawan karhutla dan bencana,-1
rejeki nomplok nih pak usaha kenal yang jadi trending br ini bakal jadi otak balik gagal rencana,-1
saya rasa saya ke kalimantan timur bakal jadi lokasi paling rawan karhutla dan kabut asap saya punya sol,-2
menteri lingkung hidup dan hutan klhk tengah siap kaji lingkung hidup strategis klhs untuk,3
menteri agraria dan tata ruang atr sofyan djalil berik respon soal lahan konsesi miliuner di ibu kota baru,0
untuk papua tetap satu tetap indonesia,1
wildfires loosening corruption racism discrimination and h,0
sila pindah ibukota karena jakarta akan kami buat seperti kota sayidina muhammad saw takbir,0
rt pemerintah segera cabut konsesi lahan sukanto tanoto di ibu kota baru jadi tanah bukan milik sih,-3
yayat supriati nilai perlu ada orang yang tugas khusus menangani pemindahan ibu kota dari jakarta ke kuta,-1
ayo kita dukung revisi uu kpk,0
calon ibu kota r dampak kabut asap dapat informasi lain dan live streaming di,-4
rt menteri rencana bangun nasional ppnkepala bappenas bambang brodjonegoro atak telah minta klhk untuk p,1
pengambilalihan konsesi lahan sebut bisa laku tanpa syarat ganti rugi dari negara,-2
presiden jokowi cabut lahan sukanto tanoto di ibu kota baru pada oktober,2
pemerintah lalu klhk sedang siap lepas status lahan hti milik sukant,-2
karena lepas konsesi lahan status hti bisa laku tanpa tunggu masa konsesi habis,-2
rt atur bisa tanpa ganti rugi karena memang ketika mereka dapat lahan itu mereka sudah tahu konsekuensi,-3
rt presiden jokowi cabut lahan sukanto tanoto di ibu kota baru pada oktober,2
rt konsesi lahan tanoto segera cabut untuk ibu kota baru,0
rt lepas konsesi lahan status hti bisa laku tanpa tunggu masa konsesi habis karena lahan sebut guna untuk,-1
lepas konsesi lahan status hti bisa laku tanpa tunggu masa konsesi habis karena lahan sebut guna,-1
konsesi lahan tanoto segera cabut untuk ibu kota baru,0
rt jadi ibu kota baru lahan sukanto tanoto diambilalih negara,1
rt wakil ketua umum gerindra arief poyuono ajak warga dki jakarta tolak rencana presiden joko widodo alias jokowi obral,0
atur bisa tanpa ganti rugi karena memang ketika mereka dapat lahan itu mereka sudah tahu konsekuensi,-3
rt pemerintah cabut status konsesi lahan usaha sukanto tanoto untuk ibu kota baru,0
rt pengambilalihan konsesi lahan sukanto tanoto bisa laku tanpa syarat ganti rugi dari negara,-2
rt untuk penting negara konsesi lahan usaha sukanto tanoto cabut,-1
sukanto bisa antisipasi dampak dari pengambilalihan konsesi lahan sebut,-1
wakil ketua umum gerindra arief poyuono ajak warga dki jakarta tolak rencana presiden joko widodo alias jokow,0
untuk penting negara konsesi lahan usaha sukanto tanoto cabut,-1
breaking news karhutla gunung seteleng najam paser utara kaltim bara lagi,0
bambang brodjonegoro pemerintah lalu klhk sedang siap lepas status lahan hutan tanam,-1
jadi ibu kota baru lahan sukanto tanoto diambilalih negara,1
hal ini laku jalan dengan minta bappenas agar bangun ibu kota baru tetap suai jadwal yang t,-1
pemerintah lalu menteri lingkung hidup dan hutan klhk tengah siap lepas status terse,1
menteri rencana bangun nasionalkepala bappenas bambang psih brodjonegoro satak konsesi lahan suka,0
bangun ibu kota baru tetap akan jalan suai jadwal yang tetap pemerintah rencana konstruksi t,0
lahan milik negara ibukota baru siap bangun,1
lahan hti di kawasan ibukota baru milik negara,0
pemandangan tengah macet demo ada papan tulis pindah dan pindah planet menar,-1
lahan ibukota baru tidak ada ganti rugi,-1
pengambilalihan konsesi lahan sukanto tanoto bisa laku tanpa syarat ganti rugi dari negara,-2
pemerintah cabut status konsesi lahan usaha sukanto tanoto untuk ibu kota baru,0
update ibu kota negara bangun jalan groundbreaking,-1
pemerintah segera cabut konsesi lahan sukanto tanoto di ibu kota baru jadi tanah buka,-1
lahan mau pakai ibu kota negara naga tak kutik,0
rt bappenas sebut akhir tahun konsensi lahan sukanto tanoto di kalimantan timur akan tarik,1
rt canggih ibu kota negara baru akan punya angkut massal tanpa awak,1
bappenas sebut akhir tahun konsensi lahan sukanto tanoto di kalimantan timur akan tarik,1
anggota dpr r asal kalimantan bentuk kaukus dpr r mulus pemindahan ibu kota negara ke kaltim,1
makan siang sambil ngopi pertama kali di lapo sentul bogor jawa barat dan jawa b,2
canggih ibu kota negara baru akan punya angkut massal tanpa awak,1
jadi salah satu portal online besar di indonesia yang basis koran lokal di usia tahun,-1
rt budi karya bilang pihak telah siap konsep smart city smart mobility untuk tunjang konektivitas di ibu kota baru n,2
rt ikut jejak indonesia kini thailand pun ingin pindah ibu kota dengan alas yang sama dengan presiden jokowi rabu se,-2
tindaklanjutnya untuk yang tolak gusur akan kena jerat hukum,-1
tidak pindah ibu kota negara ke kalimantan timur dari sekarang davao yang akan kembang,1
ikut jejak indonesia kini thailand pun ingin pindah ibu kota dengan alas yang sama dengan presiden jokowi ra,-2
enggak usah tanggap pak karena dia enggak paham mana hak milik hgb hgu kalau dia paham pasti tida,-4
rt menhub budi karya sumadi tinjau lokasi calon ibu kota baru di samboja kabupaten kuta kartanegara dengan gu,1
rt gadis gadis ibu kota baru,1
bhay paruparu dunia terima kasih sudah jadi tolong kami lama ini tampak lah,2
rt lahan calon ibu kota baru sebut milik sukanto tanoto,0
klasement lap pro kontra,0
orang jakarta bilang saya gue jadi ibu kota mau pindah ke kalimantan apakah orang kalimantan omong saya gue,-2
rt ibu kota bakal pindah ke kalimantan apakah hal ini juga bakal pengaruh sama geliat skena musik di pulau kalimantan,0
rt sukanto tanoto diketahui milik konsesi lahan di lokasi calon ibu kota baru belum lahan sebut milik oleh hashi,-3
rt pace jangan patah semangat demi indonesia demi papua,-1
budi karya bilang pihak telah siap konsep smart city smart mobility untuk tunjang konektivitas di ibu kak,1
sukanto tanoto diketahui milik konsesi lahan di lokasi calon ibu kota baru belum lahan sebut milik,-4
ruu tanah payung hukum,-1
menteri rencana bangun nasional ppnkepala bappenas bambang brodjonegoro atak telah minta klhk,1
pace jangan patah semangat demi indonesia demi papua,-1
ribu tnipolri bakal aman ke ibu kota baru baca lengkap di sini,0
rt ibu kota baru di kalimantan timur kabar akan tempat bagi lahan yang kuasa sukanto tanoto lahan sebut sama,1
rt ibu kota baru di kalimantan timur kabar akan tempat bagi lahan yang kuasa sukanto tanoto lahan sebut merup,2
ibu kota baru di kalimantan timur kabar akan tempat bagi lahan yang kuasa sukanto tanoto lahan s,2
bappenas jelas soal kabar lokasi ibu kota baru r di kalimantan timur kuasa sukanto tanoto,2
menhub budi karya sumadi tinjau lokasi calon ibu kota baru di samboja kabupaten kuta kartanegara dengan,1
kepala bappenas benar lahan ibu kota baru kuasa sukanto tanoto financedetikcom,1
siapa sukanto tanoto konglomerat yang sebut punya lahan hti di kawasan calon ibu kota baru r,1
menteri hubung kagum lokasi ibu kota baru r di kalimantan timur tempat ini sebut cantik,3
dukung revisi uu kpk,0
ibu kota bakal pindah ke kalimantan apakah hal ini juga bakal pengaruh sama geliat skena musik di pulau kaliman,0
kawasan bukit sentul city bogor jawa barat indonesia jawa barat saing kalimant,2
rt khusus rumah aparatur sipil negara asn atau pns di ibu kota baru bambang sebut desain ialah huni vertikal di ibu,0
moda transportasi di calon ibu kota baru indonesia diri atas beberapa pilih bus angkut umum hingga ojek o,1
malah bikin lancar jaya enggak akan ada konflik dengan masyarakat adat a,-1
sukanto tanoto kuasa lahan hti di lokasi ibu kota baru r dan target capai maju didik,2
nyata hidup di jekardah itu keras ya makanya enggak cocok lagi jadi dki neg,1
siapa sukanto tanoto orang yang sebut kuasa lahan hti di kawasan ibu kota baru kalimantan timur,1
rt moda transportasi di calon ibu kota baru indonesia diri atas beberapa pilih bus angkut umum hingga ojek opnline,1
siapa sukanto tanoto milik lahan di calon ibu kota baru r,0
ini toh kuasa tanah ibu kota baru indonesia muka mirip tokoh jahat di film kungfu hustle ya tokoh sakti y,1
ya habis uang nya mau pakai dulu buat bikin sama pak,1
bahas tol balsam presiden joko widodo singgung samboja lokasi ibu kota baru r di kalimantan timur,1
novel tempo dan indonesia leaks laku mufakat jahat bocor rahasia negara,-3
pbb mulai intervensi masalah veronica koman dan ganggu wewenang polri,-1
alas apa kpk perlu dewan awas,-1
selain jadi adik rafathar citacita admin yang lain adalah jadi anak pak sukanto tanoto,0
orang konglomerat indonesia sukanto tanoto sebut kuasa lahan hti di kawasan,0
rt menteri hubung budi karya sumadi hari ini laku kunjung kerja ke provinsi kalimantan timur beliau jadwal men,2
sukanto tanoto milik lahan ibu kota baru bappenas blakblakan soal ini,0
menteri hubung budi karya sumadi hari ini laku kunjung kerja ke provinsi kalimantan timur beliau dijad,2
terima kasih pada baca solopos pada hut ke kami luncur website baru bagai simbol semangat ubah,4
kuta indonesia style highway road,0
gin saja harus sudah cukup baca sih,-2
bimbing teknis tingkat tata kelola destinasi pariwisata kota balikpapan,0
lahan calon ibu kota baru sebut milik sukanto tanoto,0
rt ungkap tanah r kuasa oleh china atas nama sukanto tanoto,1
nanggung amat ya kenapa enggak kalian,-1
ungkap tanah r kuasa oleh china atas nama sukanto tanoto,1
rt ibu kota baru di kalimantan timur akan tempat lahan yang kuasa miliuner sukanto tanoto lahan sebut rupa hutan,2
rt walikota balikpapan minta institut teknologi kalimantan itk jadi proyek national,0
lain anak urang sugih ayo mandi,0
ibu kota baru di kalimantan timur akan tempat lahan yang kuasa miliuner sukanto tanoto lahan sebut rupa,2
rt kepala bappenas bambang brodjonegoro beri tanggap soal bencana bakar hutan kait dengan lokasi ibu kota baru,-2
kepala bappenas bambang brodjonegoro beri tanggap soal bencana bakar hutan kait dengan lokasi ibu kot,-3
rt kepala bappenas bambang brodjonegoro beri tanggap soal bencana bakar hutan kait dengan lokasi ibu kota baru di,-2
rt khusus rumah aparatur sipil negara asn atau pns di ibu kota baru bambang sebut desain ialah huni vertikal di,0
rt dialog nasional iv pemindahan ibu kota negara jual aset negara bukan opsi utama lengkap hati,-1
jackpot dewa di golden crown poker bonus new member max rp bonus hari max rp bonus,3
detikers yuk ikut jalan tim detikcom jelajah lokasi calon ibu kota baru republik indonesia di kalimantan,-1
khusus rumah aparatur sipil negara asn atau pns di ibu kota baru bambang sebut desain ialah huni vertika,0
kepala bappenas bambang brodjonegoro jelas beda antara bangun kota mandiri dengan bangun ibu kak,-1
pansus pemindahan ibu kota negara bakal bahas spesifik lokasi serta aparatur dan regulasi,-1
dialog nasional iv pemindahan ibu kota negara jual aset negara bukan opsi utama leng,0
biasa kalo gedung lama enggak pakai bakal jadi tempat uji nyali atau paling banter jadi museum sih apakah ged,0
rt najam paser utara rupa lokasi yang putus jokowi bagai ibu kota baru untuk bukti kami menyambangi kab,0
selamat tugas pak,1
revisi undangundang kpk jalan mulus barter dengan pemindahan ibu kota negara di kaltim,0
najam paser utara rupa lokasi yang putus jokowi bagai ibu kota baru untuk bukti kami menya,0
menteri dan usaha properti akan kumpul dalam acara rakornas bidang properti kamar dagang industri kadin,0
rt dua kabupaten di kaltim pasti akan jadi ibu kota yaitu kuta kartanegara dan najam paser utara yuk lihat potret ke,-1
hasut bambang widjojanto,0
oap telah kembali ke ibu pertiwi,1
hutan asri nkri makmur,1
mari dukung pimpin kpk yang baru,1
waspada manuver talib kpk,0
papua new guinea selalu dukung papua dan papua barat adalah bagi nkri,-1
dpr resmi revisi uu kpk,-1
dua kabupaten di kaltim pasti akan jadi ibu kota yaitu kuta kartanegara dan najam paser utara yuk lihat,-2
pemindahan ibu kota negara ke kaltim demi hilang timpang saat indonesia usia tahun,-1
yakin ibukota mau pindah ke kalimantan pak nanti kalo lagi kerja kebul asap bagaimana bisa henti pemerintaha,0
rt wah sekarang indonesia punya congrats kalimantan timur btw followers ada yang dari kal,1
parade foto miss glam world muncrat air padam karhutla di calon lokasi ibu kota baru r,0
ibukota baru nanti kena agas juga enggak ya,0
rt pemerintah rencana untuk jual bagi lahan di ibu kota baru negara ke kalangan umum lantas kapan lahan sebut siap,3
buat tutup utang haha rt pemerintah rencana untuk jual bagi lahan di i,0
pemerintah rencana untuk jual bagi lahan di ibu kota baru negara ke kalangan umum lantas kapan lahan s,2
pindah ibukota indonesia ke kalimantan timur masih tuai pro dan kontra di dpr dan pemerintahan tapi sepert,-1
rt pemerintah klaim milik aset kitar rp triliun di jakarta aset itu nilai bisa jadi modal dana dalam memind,-1
komunitas industri big data jadi fondasi utama revolusi industri,1
komunitas industri tumbuh pasar sarung tang karet di dunia,1
bravo makin gencar bangun di,-2
komunitas industri ulas dampak ledak konsumen kelas tengah di,0
riset industri indonesian lubricant industry market research,0
data industri ledak konsumen kelas tengah dorong market demand rp triliun,0
rt cc apa kita butuh,0
menteri lingkung hidup dan hutan mastik susun kaji lingkung hidup strategis bangun ibu,2
bakal di juluk neger di atas asap,-1
rt pengumumanpengmuman presiden bakal umum lokasi persis ibu kota negara yang baru di pulau kalimantan siang nya,1
menteri atrbpn sofyan djalil atak pemerintah akan bentuk badan otorita untuk atur lahan di ibu kota b,0
ibu kota baru aman dari bakar hutan dan lahan,-1
cc apa kita butuh,0
liput sctv kena jalan poros samarinda anggana yang rusak sudah lima tahun dan korban regang nyawa,-4
pemerintah saat ini sedang godok rancang undangundang ruu tentang tanah bagaimana strategi yang si,-2
update ibu kota negara bikin pansus pemindahan ibukota dpr gerak cepat,2
rt bukit batuah balikpapan selimut kabut asap dan ancam sehat warga derita ispa,-4
rt pemerintah saat ini sedang godok rancang undangundang ruu tentang tanah bagaimana strategi yang siap,-1
beri dukung untuk revisi uu kpk,0
bukit batuah balikpapan selimut kabut asap dan ancam sehat warga derita ispa,-4
temu audit bpk satak sistem kpk masa,1
majalah tempo langgar pasal a kitab undangundang hukum pidana,-1
bersih kpk dari kelompok radikal dan talib,-1
usir para provokator dari kpk,0
ada temu rahasia antara pas fz dan wadah gawai kpk,-1
bersih kpk dari para talib,1
jika rasa tidak sa apa kabur,-2
revisi uu kpk jadi kpk lebih baik,0
masalah mana yang akan selesa lebih dahulu jika ibu kota pilih karena letak di tengah tengah,-2
rt pemerintah klaim milik aset kitar rp triliun di jakarta aset itu nilai bisa jadi modal dana dalam me,-1
pemerintah klaim milik aset kitar rp triliun di jakarta aset itu nilai bisa jadi modal dana sudah,-1
presiden jokowi menyetujui bentuk dewan awas kpk,-2
kemarin pamit sekarang balik lagi,1
rt saat bangun pagi aku kira embun yang sapa nyata kabut asap yang timpa biar pun level udara bahaya yaudah sepeda a,-3
dominasi pdip ini daftar anggota pansus ibu kota kaltim,0
rt kalo pakai ilmu sok tau desadesa yang gue highlight dengan warna kuning potensi besar jadi lokasi inti dari calon ibukota,-1
pemerintah punya modal bangun ibu kota baru r dari aset di jakarta nilai rp triliun,0
rintis jalur eksport hak cipta most wanted entrepreneur,1
rt kepala bappenas bambang brodjonegoro nilai dengan pemindahan ibu kota investasi ke kalimantan timur kaltim akan lonjak,-1
jpo nya keren diibukota baru kapan ada jpo yang kerenyaa the sultan hotel residen,2
kepala bappenas bambang brodjonegoro nilai dengan pemindahan ibu kota investasi ke kalimantan timur kaltim aka,-1
rt untuk tahu potensi investasi yang sebab pemindahan ibu kota baru bappenas laku diskusi nasional bahas,1
untuk tahu potensi investasi yang sebab pemindahan ibu kota baru bappenas laku diskusi nasional me,1
pindah ibukota ke kalimantan bisa nebelin buku sejarah lagi nih,1
saat bangun pagi aku kira embun yang sapa nyata kabut asap yang timpa biar pun level udara bahaya yaudah sep,-3
rt ingat dulu kau tinggal layak sampah kau lihat bagai orang tak harga tangis sayang sesal semua yang,-1
dpr r belum bentuk pansus undangundang ibu kota baru nanti pansus isi banyak pdi juang,-2
pupr siap tol samarindabontang untuk ibu kota baru,2
pimpin kpk yang mundur itu cengeng,-2
era kpk talib,0
pimpin kpk ingkar sumpah,-1
undang liput lepas tanggung jawab para pimpin kpk,-1
untuk kpk yang lebih sehat,0
ibu kota mau pindah begini faktafakta potensi tani di kaltim,0
halo gyro sambil ngisi luang di sela macet ramai pulang kantor hayoo ada yang bisa tebak dalam waktu,-1
rt sudah tau kalian tentang ibukota baru indonesia,1
rt daerah jakarta mana turut kalian semua yang paling kece kalau turut kita sih sini,0
daerah jakarta mana turut kalian semua yang paling kece kalau turut kita sih sini,0
rt komunitas industri ulas strategi unicorn o bisnis jadi lab,0
komunitas industri ulas strategi unicorn o bisnis jadi lab,0
rt polemik standar ndpe vs ispo di industri kebun sawit,0
polemik standar ndpe vs ispo di industri kebun sawit,0
r serang balik eropa karena biodiesel hambat bm impor,0
setelah eropa rusia diamdiam bakal naik pajak sawit r hingga,0
selamat pagi dunia selamat jalan aktivitas bagi yang sedang phbpts moga di beri mudah dalam mengerjaka,0
selamat pilih ketua kpk,1
untuk ubah lebih baik,0
program dukung untuk papua,0
