no,text
1,rt kelurahan diduga kuat lokasi ibu kota baru ri di kaltim satunya sulit ditembus sinyal telkomsel
2,kelurahan diduga kuat lokasi ibu kota baru ri di kaltim satunya sulit ditembus sinyal telkomsel
3,selamat menjalankan tugas
4,
5,just info telkomsel bangun bts g baru di kalimantan link
6,cerminan wanita wanita ibu kota
7,sepertinya sangat ingin meninggalkan beberapa legacy al enggak
8,rt karena sudah resmi diumumkan akan pindah ke kalimantan maka saatnya saya memperkenalkan dangdut banjar untuk meng
9,rt sejumlah pegawai negeri sipil di kementerian dan lembaga pemerintah pusat mengaku cemas pindah ke ibu kota baru di kalimanta
10,rt gua ulang biar keselek wkwkwk
11,rt segini saja harusnya sudah cukup kebaca sih
12,rt suatu saat kalian akan lomba berenang lari dan loncat
13,suatu saat kalian akan lomba berenang lari dan loncat
14,rt breaking news pansus pemindahan ibu kota negara tiba di samarinda kalimantan timur
15,rt
16,breaking news pansus pemindahan ibu kota negara tiba di samarinda kalimantan timur
17,lokasi ibu kota baru ri di kalimantan timur klhk ingatkan bangun ibu kota negara jaga hulu demi air
18,mengukur sinyal telkomsel di calon ibukota baru lewat
19,menuju dki ppu
20,pemerintah harus belajar pemindahan ibu kota dari kazakhstan
21,just info telkomsel punya lebih dari bts di lokasi ibu kota baru follow
22,rt calon ibu kota indonesia kabupaten penajam paser utara ppu kalimantan timur sempat dikepung kabut asap imbas kebakaran hu
23,rt setidaknya ada lima alasan mengapa pemerintah menetapkan ibu kota di provinsi kalimatan timur yaitu satu risiko be
24,rt risiko bencana yang minim merupakan salah satu alasan presiden ri memilih provinsi kalimanta timur sebagai loka
25,rt berdasarkan pertimbangan dan berbagai kajian yang telah dilakukan hari ini presiden resmi mengumumkan pemindah
26,calon ibu kota indonesia kabupaten penajam paser utara ppu kalimantan timur sempat dikepung kabut asap imbas ke
27,rt calon ibu kota indonesia kabupaten penajam paser utara ppu kalimantan timur sempat dikepung kabut asap imbas kebakara
28,rt ada yang baru nih apa
29,warga penajam paser utara tolak jargas pemkab edukasi pakai jargas banyak keuntungannya
30,mentawir desa wisata di ibu kota negara ri miliki hutan bambu luas bisa kurangi penggunaan plastik
31,baru bagi pemenuhan pasar properti yang spekulatif ketimbang upaya besar menyediakan lingkungan hunian ya
32,update ibu kota negara urusan perut bukan impor
33,baru yang semata untuk menciptakan peluang investasi untuk hedge funds penciptaan yang tidak ada hubu
34,brasilia misalnya yang juga amat berorientasi fisik skala besar dan mobil pribadi lebih tampak seperti tumpukan
35,belum hilang dari ingatan proyek bandara kertajati yang dominan orientasi fisiknyapada akhirnya tidak jadi banda
36,sumberdaya yang begitu besar dimobilisasi bagi memproduksi baru yang ironisnya pada akhirnya tidak ada penghu
37,seperti yang telah terjadi di kota besar lainnyajangan sampai baru hanya diperuntukkan bagi kelompok upper
38,ambil contoh di negara timur tengah seperti dubai doha dengan bangunan yang tampak absurd untuk sia
39,ada yang kenal dengan mahasiswa ini
40,asn se indonesia harus mengikuti aturan uu asn
41,tokoh adat dan tokoh agama kota sorong
42,serbu kpk
43,komisioner playing victim
44,hatihati banyak provokasi yang bertujuan memecah belah stop hoax
45,yang terjadi di tiongkok kota kota baru yang diproduksi bagi kebtuhan ekspansi tersebut seringkali
46,rt baiklah selamat datang di area sambal terong pedas selamat buat kalimantan timur
47,rt yuk kita doakan semoga proses perpindahan ibu kota berjalan dengan lancar semoga dengan berpindahnya ibu kota negara ke kali
48,rt bapak presiden mengumumkan ibu kota negara akan pindah ke kalimantan timur tentunya di nanti kita harap
49,membangun kota memproduksi kota baru sudah menjadi bagian terbesar utama dari proses penumpukkan para
50,pelajaran brasilia menjadi mesin penyedot bagi penumpukkan untuk berbiak kapital baru disu
51,yang dibangun dari pendekatan helikopter menaburkan blok bangunan sesuai selera penguasa dan kehendak
52,pelajaran jauh meleset dari perencanaan awal sebagai kota egaliter brasilia njelma jadi mesin besar p
53,pelajaran kamu dari brasilia muncul favela santa luziadipenuhi gubug dan metarial sisa keluarg
54,pelajaran kota brasilia yang mestinya dibangun agar egaliter kenyataanya lingkungan hunian yang terban
55,rt hanya di rezim ini wkwkw
56,pelajaran dari brasilia zona hunian kelas pekerja lokasinya jauh dari pusat kotapekerja berangkat saja
57,hanya di rezim ini wkwkw
58,pendekatan perencanaan yang top down tidak partisipatif cerminan dari bakal ibukota elitis yang menc
59,jangan sampai justru jadi pulau sendiri yang terisolasijauh dari warganya dari harapan dan aspirasi
60,merujuk prof jangan gehl seperti pada desain tidak bisa dirancang hanya dengan naik pesawat pulan
61,desain ini hanya peduli pada skala raksasa skala pemodal perusahaan dan abai terhadap skala manusia
62,dengan desain baru yang demikian perencana tidak pernah berpikir kota ini bisa dinikmati sambil ber
63,kalimantan dari atas helikopter tampak dramatis menghebohkan dengan karakter bintang limanya dengan
64,rt perancana terbang tinggi meninggalkan bumi pijakannyadan memulai mengambardari ketinggian yang jauh kota moderni
65,perancana terbang tinggi meninggalkan bumi pijakannyadan memulai mengambardari ketinggian yang jauh kak
66,mengulangi kesalahan brasiliacity planning from high aboveindah dari helikopterkota skala besar yang
67,desain di kalimantan tampak sekali pengulangan dari brasilia yang dibangun tahun ' blunder yang disebut
68,setuju banget aku dengan ibu baru dengan alasan dan sebabkemacetan di jakarta
69,rt assalamualaikumapakabar
70,selamat bertugas untuk menjalankan amanah
71,rt find on youtube adianna tv forget subscribe like and comment
72,rt pilgub anies aku datang aku lihat aku menang pilpres jokowi aku datang aku lihat aku pindahkan
73,rt coming soon hanya channel youtube adianna tv hati
74,rt presiden jokowi pindahkan ibu kota oposisi kepanasan kunjungi youtube adianna tv video selengkapnya
75,persebaya cit of heroes dokumentasi karya sablon shift custom made screen printing
76,kaos unniversary dokumentasi karya sablon shift custom made screen printing
77,persaudaraan setia hati terate dokumentasi karya sablon shift custom made screen printing
78,ya mengaji ya ngopi manut opojare kiyai dokumentasi karya sablon shift custom made screen printing
79,psht nganjuk dokumentasi karya sablon shift custom made screen printing
80,sablon kaos santri dokumentasi karya sablon shift custom made screen printing
81,persib day dokumentasi karya sablon shift custom made screen printing
82,rt jemuran kelamaan digantung saja hilang apalagi perasaan
83,bisnis jualan tanah di ibu kota baru
84,mentawir wisata unggul lokasi ibu kota baru indonesia di penajam paser utara alam lestari terjaga
85,pengunjung pantai manggar balikpapan keluhkan minimnya wahana hiburan tak ada penambahan
86,gua ulang biar keselek wkwkwk
87,mari samasama berdoa sejukan papua
88,status tersangka kasus provokasi kerusuhan rasial
89,revisi uu kpk bukan untuk pelemahan tetapi mengubah strategi agar kpk menjadi lebih baik
90,stop provokasi dan ujaran kebencian
91,hanya membuat situasi semakin gaduh
92,update ibu kota negara baru air bersih dipasok dari bendungan
93,lebih rincinya bagaimana dan agar pelepasan lahan tersebut jatuh ke mereka yang benarbenar pas menerima alias first home buyer ada
94,nah sejatinya negara bisa meniru yang dilakoni setneg untuk aset lahan di kota baru kemayoran kita lihat ada banyak
95,mari kita bahas tentang rencana pemerintah ngelego lahan negara di ibu kota baru untuk hunian para milenial sejatinya
96,menteri perencanaan pembangunan nasional ppn dan kepala bappenas bambang brodjonegoro mengatakan nilai barang mil
97,rt saya sudah di lokasi ya mbak
98,rt pemerintah segera cabut konsesi lahan sukanto tanoto di ibu kota baru tanahnya bukan tanah mi
99,festival kota lama
100,rt masa depan enggak bisa di lihat tapi bisa di persiapkan
101,pemerintah segera cabut konsesi lahan sukanto tanoto di ibu kota baru tanahnya bukan
102,jaga damai papua dan papua barat
103,dahulu kala suku paser sudah ramalkan akan ada peradaban baru di wilayah penajam kaltim
104,kalau tidak bersalah pulanglah ke indonesia dan beri klarifikasi
105,hami serukan percepatan pelantikan pimpinan kpk terpilih
106,agus rahardjo cs jilat ludah sendiri
107,angkat koper dari gedung kpk sekarang juga
108,update ibu kota negara tidak ada kabel listrik dan gas elpiji
109,mau tau berita terkini dengan sudut pandang berbeda klik saja atau follow klik
110,alhamdulilah hujan ahirnya calon
111,ibu kota negara ri pindah ke kalimantan timur membangun gedung baru dpr ri di jakarta dibatalkan
112,indonesia tanah air beta
113,dpr membatalkan keinginannya membangun gedung baru di kompleks parlemen jakarta menyusul rencana pemerintah memin
114,ibu kota baru indonesia loh
115,siap atau tidak saya tidak akan mengizinkan konsesi lahan dijadikan tempat lokasi karena sudah jadi lokasi ra
116,pemindahan ibukota indonesia enggak perlu jauh ke kalimantan kan deh jadi lokasi titik api rawan karhutla dan bencana
117,rejeki nomplok nih pak pengusaha terkenal yang menjadi trending br ini bakal jadi otak dibalik kegagalan rencana
118,saya rasa saya ke kalimantan timur bakal jadi lokasi paling rawan karhutla dan kabut asap saya punya sol
119,kementerian lingkungan hidup dan kehutanan klhk tengah menyiapkan kajian lingkungan hidup strategis klhs untuk
120,menteri agraria dan tata ruang atr sofyan djalil memberikan respon soal lahan konsesi miliuner di ibu kota baru
121,untuk papua tetap satu tetap indonesia
122,wildfires loosening corruption racism discrimination and h
123,silakan pindahkan ibukota karena jakarta akan kami buat seperti kota sayidina muhammad saw takbir
124,rt pemerintah segera cabut konsesi lahan sukanto tanoto di ibu kota baru jadi tanahnya bukan milik sih
125,yayat supriati menilai perlu ada orang yang ditugaskan khusus menangani pemindahan ibu kota dari jakarta ke kutai
126,ayo kita dukung revisi uu kpk
127,calon ibu kota ri terdampak kabut asap dapatkan informasi lainnya dan live streaming di
128,rt menteri perencanaan pembangunan nasional ppnkepala bappenas bambang brodjonegoro mengatakan telah meminta klhk untuk memp
129,pengambilalihan konsesi lahan tersebut bisa dilakukan tanpa syarat ganti rugi dari negara
130,presiden jokowi cabut lahan sukanto tanoto di ibu kota baru pada oktober
131,pemerintah melalui klhk sedang mempersiapkan pelepasan status lahan hti milik sukant
132,karena pelepasan konsesi lahan berstatus hti bisa dilakukan tanpa menunggu masa konsesi habis
133,rt aturannya bisa tanpa ganti rugi karena memang ketika mereka dapat lahan itu mereka sudah tahu konsekuensinya
134,rt presiden jokowi cabut lahan sukanto tanoto di ibu kota baru pada oktober
135,rt konsesi lahan tanoto segera dicabut untuk ibu kota baru
136,rt pelepasan konsesi lahan berstatus hti bisa dilakukan tanpa menunggu masa konsesi habis karena lahan tersebut digunakan untuk
137,pelepasan konsesi lahan berstatus hti bisa dilakukan tanpa menunggu masa konsesi habis karena lahan tersebut diguna
138,konsesi lahan tanoto segera dicabut untuk ibu kota baru
139,rt dijadikan ibu kota baru lahan sukanto tanoto diambilalih negara
140,rt wakil ketua umum gerindra arief poyuono mengajak warga dki jakarta menolak rencana presiden joko widodo alias jokowi mengobral
141,aturannya bisa tanpa ganti rugi karena memang ketika mereka dapat lahan itu mereka sudah tahu konsekuensinya
142,rt pemerintah cabut status konsesi lahan perusahaan sukanto tanoto untuk ibu kota baru
143,rt pengambilalihan konsesi lahan sukanto tanoto bisa dilakukan tanpa syarat ganti rugi dari negara
144,rt untuk kepentingan negara konsesi lahan perusahaan sukanto tanoto dicabut
145,sukanto bisa mengantisipasi dampak dari pengambilalihan konsesi lahan tersebut
146,wakil ketua umum gerindra arief poyuono mengajak warga dki jakarta menolak rencana presiden joko widodo alias jokow
147,untuk kepentingan negara konsesi lahan perusahaan sukanto tanoto dicabut
148,breaking news karhutla gunung seteleng penajam paser utara kaltim membara lagi
149,bambang brodjonegoro pemerintah melalui klhk sedang mempersiapkan pelepasan status lahan hutan tanam
150,dijadikan ibu kota baru lahan sukanto tanoto diambilalih negara
151,hal ini dilakukan sejalan dengan permintaan bappenas agar pembangunan ibu kota baru tetap sesuai jadwal yang dit
152,pemerintah melalui kementerian lingkungan hidup dan kehutanan klhk tengah mempersiapkan pelepasan status terse
153,menteri perencanaan pembangunan nasionalkepala bappenas bambang psih brodjonegoro menyatakan konsesi lahan suka
154,pembangunan ibu kota baru tetap akan berjalan sesuai jadwal yang ditetapkan pemerintah rencananya konstruksi t
155,lahan milik negara ibukota baru siap dibangun
156,lahan hti di kawasan ibukota baru milik negara
157,pemandangan ditengah kemacetan demo ada papan bertuliskan pindah dan pindah planet menar
158,lahan ibukota baru tidak ada ganti rugi
159,pengambilalihan konsesi lahan sukanto tanoto bisa dilakukan tanpa syarat ganti rugi dari negara
160,pemerintah cabut status konsesi lahan perusahaan sukanto tanoto untuk ibu kota baru
161,update ibu kota negara bangun jalan groundbreaking
162,pemerintah segera cabut konsesi lahan sukanto tanoto di ibu kota baru jadi tanahnya buka
163,lahannya mau dipakai ibu kota negara naga tak berkutik
164,rt bappenas sebutkan akhir tahun konsensi lahan sukanto tanoto di kalimantan timur akan ditarik
165,rt canggih ibu kota negara baru akan punya angkutan massal tanpa awak
166,bappenas sebutkan akhir tahun konsensi lahan sukanto tanoto di kalimantan timur akan ditarik
167,anggota dpr ri asal kalimantan bentuk kaukus dpr ri muluskan pemindahan ibu kota negara ke kaltim
168,makan siang sambil ngopi pertama kali di lapo sentul bogor jawa barat dan jawa b
169,canggih ibu kota negara baru akan punya angkutan massal tanpa awak
170,menjadi salah satu portal online terbesar di indonesia yang berbasis koran lokal di usia tahun
171,rt budi karya bilang pihaknya telah menyiapkan konsep smart city smart mobility untuk menunjang konektivitas di ibu kota baru n
172,rt mengikuti jejak indonesia kini thailand pun ingin pindah ibu kota dengan alasan yang sama dengan presiden jokowi rabu se
173,tindaklanjutnya untuk yang menolak gusuran akan terkena jerat hukum
174,tidak pindah ibu kota negara ke kalimantan timur dari sekarang davao yang akan berkembang
175,mengikuti jejak indonesia kini thailand pun ingin pindah ibu kota dengan alasan yang sama dengan presiden jokowi ra
176,enggak usah ditanggapi pak karena dia enggak paham mana hak milik hgb hgu kalau dia paham pasti tida
177,rt menhub budi karya sumadi meninjau lokasi calon ibu kota baru di samboja kabupaten kutai kartanegara dengan menggu
178,rt gadis gadis ibu kota baru
179,bhay paruparu dunia terima kasih sudah menjadi penolong kami selama ini penampakan lah
180,rt lahan calon ibu kota baru disebut milik sukanto tanoto
181,klasement lap pro kontra
182,orang jakarta bilang saya gue jadi ibu kota mau pindah ke kalimantan apakah orang kalimantan mengomong saya gue
183,rt ibu kota bakal pindah ke kalimantan apakah hal ini juga bakal berpengaruh sama geliat skena musik di pulau kalimantan
184,rt sukanto tanoto diketahui memiliki konsesi lahan di lokasi calon ibu kota baru sebelumnya lahan tersebut dimiliki oleh hashi
185,rt pace jangan patah semangat demi indonesia demi papua
186,budi karya bilang pihaknya telah menyiapkan konsep smart city smart mobility untuk menunjang konektivitas di ibu kak
187,sukanto tanoto diketahui memiliki konsesi lahan di lokasi calon ibu kota baru sebelumnya lahan tersebut dimiliki
188,ruu pertanahan payung hukum
189,menteri perencanaan pembangunan nasional ppnkepala bappenas bambang brodjonegoro mengatakan telah meminta klhk
190,pace jangan patah semangat demi indonesia demi papua
191,ribu tnipolri bakal amankan ke ibu kota baru baca selengkapnya di sini
192,rt ibu kota baru di kalimantan timur dikabarkan akan menempati sebagian lahan yang dikuasai sukanto tanoto lahan tersebut sama
193,rt ibu kota baru di kalimantan timur dikabarkan akan menempati sebagian lahan yang dikuasai sukanto tanoto lahan tersebut merup
194,ibu kota baru di kalimantan timur dikabarkan akan menempati sebagian lahan yang dikuasai sukanto tanoto lahan ters
195,bappenas jelaskan soal kabar lokasi ibu kota baru ri di kalimantan timur dikuasai sukanto tanoto
196,menhub budi karya sumadi meninjau lokasi calon ibu kota baru di samboja kabupaten kutai kartanegara dengan
197,kepala bappenas benarkan lahan ibu kota baru dikuasai sukanto tanoto financedetikcom
198,siapa sukanto tanoto konglomerat yang disebut punya lahan hti di kawasan calon ibu kota baru ri
199,menteri perhubungan kagum lokasi ibu kota baru ri di kalimantan timur tempat ini disebut cantik
200,dukung revisi uu kpk
201,ibu kota bakal pindah ke kalimantan apakah hal ini juga bakal berpengaruh sama geliat skena musik di pulau kaliman
202,kawasan bukit sentul city bogor jawa barat indonesia jawa barat pesaing kalimant
203,rt khusus rumah aparatur sipil negara asn atau pns di ibu kota baru bambang menyebut desainnya ialah hunian vertikal di ibu
204,moda transportasi di calon ibu kota baru indonesia terdiri atas beberapa pilihan bus angkutan umum hingga ojek o
205,malah bikin lancar jaya enggak akan ada konflik dengan masyarakat adat a
206,sukanto tanoto penguasa lahan hti di lokasi ibu kota baru ri dan target capaian majukan pendidikan
207,ternyata hidup di jekardah itu keras ya makanya enggak cocok lagi jadi dki neg
208,siapa sukanto tanoto orang yang disebut kuasai lahan hti di kawasan ibu kota baru kalimantan timur
209,rt moda transportasi di calon ibu kota baru indonesia terdiri atas beberapa pilihan bus angkutan umum hingga ojek opnline
210,siapa sukanto tanoto pemilik lahan di calon ibu kota baru ri
211,ini toh penguasa tanah ibu kota baru indonesia mukanya mirip tokoh jahat di film kungfu hustle ya tokoh sakti yan
212,ya habis uang nya mau dipakai dulu buat bikin sama pak
213,bahas tol balsam presiden joko widodo singgung samboja lokasi ibu kota baru ri di kalimantan timur
214,novel tempo dan indonesia leaks lakukan pemufakatan jahat bocorkan rahasia negara
215,pbb mulai mengintervensi masalah veronica koman dan mengganggu wewenang polri
216,alasan mengapa kpk memerlukan dewan pengawas
217,selain jadi adiknya rafathar citacita admin yang lain adalah jadi anaknya pak sukanto tanoto
218,seorang konglomerat indonesia sukanto tanoto disebut menguasai lahan hti di kawasan
219,rt menteri perhubungan budi karya sumadi hari ini melakukan kunjungan kerja ke provinsi kalimantan timur beliau dijadwalkan men
220,sukanto tanoto pemilik lahan ibu kota baru bappenas blakblakan soal ini
221,menteri perhubungan budi karya sumadi hari ini melakukan kunjungan kerja ke provinsi kalimantan timur beliau dijad
222,terima kasih pada pembaca solopos pada hut ke kami meluncurkan website baru sebagai simbol semangat perubahan
223,kutai indonesia style highway road
224,segini saja harusnya sudah cukup kebaca sih
225,bimbingan teknis peningkatan tata kelola destinasi pariwisata kota balikpapan
226,lahan calon ibu kota baru disebut milik sukanto tanoto
227,rt terungkap tanah ri dikuasai oleh china atas nama sukanto tanoto
228,nanggung amat ya kenapa enggak sekalian
229,terungkap tanah ri dikuasai oleh china atas nama sukanto tanoto
230,rt ibu kota baru di kalimantan timur akan menempati lahan yang dikuasai miliuner sukanto tanoto lahan tersebut merupakan hutan
231,rt walikota balikpapan meminta institut teknologi kalimantan itk jadi proyek national
232,lain anak urang sugih ayo mandii
233,ibu kota baru di kalimantan timur akan menempati lahan yang dikuasai miliuner sukanto tanoto lahan tersebut merupa
234,rt kepala bappenas bambang brodjonegoro memberi tanggapan soal bencana kebakaran hutan kaitannya dengan lokasi ibu kota baru
235,kepala bappenas bambang brodjonegoro memberi tanggapan soal bencana kebakaran hutan kaitannya dengan lokasi ibu kot
236,rt kepala bappenas bambang brodjonegoro memberi tanggapan soal bencana kebakaran hutan kaitannya dengan lokasi ibu kota baru di
237,rt khusus rumah aparatur sipil negara asn atau pns di ibu kota baru bambang menyebut desainnya ialah hunian vertikal di
238,rt dialog nasional iv pemindahan ibu kota negara penjualan aset negara bukan opsi utama selengkapnya hati
239,jackpot dewa di golden crown poker bonus new member max rp bonus harian max rp bonus
240,detikers yuk ikuti perjalanan tim detikcom menjelajahi lokasi calon ibu kota baru republik indonesia di kalimantan
241,khusus rumah aparatur sipil negara asn atau pns di ibu kota baru bambang menyebut desainnya ialah hunian vertika
242,kepala bappenas bambang brodjonegoro menjelaskan perbedaan antara pembangunan kota mandiri dengan pembangunan ibu kak
243,pansus pemindahan ibu kota negara bakal bahas spesifik lokasi serta aparatur dan regulasinya
244,dialog nasional iv pemindahan ibu kota negara penjualan aset negara bukan opsi utama seleng
245,biasanya kalo gedung lama enggak dipakai bakal dijadikan tempat uji nyali atau paling banter jadi museum sih apakah ged
246,rt penajam paser utara merupakan lokasi yang diputuskan jokowi sebagai ibu kota baru untuk membuktikannya kami menyambangi kab
247,selamat bertugas pak
248,revisi undangundang kpk berjalan mulus barter dengan pemindahan ibu kota negara di kaltim
249,penajam paser utara merupakan lokasi yang diputuskan jokowi sebagai ibu kota baru untuk membuktikannya kami menya
250,menteri dan pengusaha properti akan berkumpul dalam acara rakornas bidang properti kamar dagang industri kadin
251,rt dua kabupaten di kaltim dipastikan akan menjadi ibu kota yaitu kutai kartanegara dan penajam paser utara yuk lihat potret ke
252,hasutan bambang widjojanto
253,oap telah kembali ke ibu pertiwi
254,hutan asri nkri makmur
255,mari dukung pimpinan kpk yang baru
256,waspada manuver taliban kpk
257,papua new guinea selalu mendukung papua dan papua barat adalah bagian nkri
258,dpr resmikan revisi uu kpk
259,dua kabupaten di kaltim dipastikan akan menjadi ibu kota yaitu kutai kartanegara dan penajam paser utara yuk lihat
260,pemindahan ibu kota negara ke kaltim demi hilangkan ketimpangan saat indonesia berusia tahun
261,yakin ibukota mau pindah ke kalimantan pak nanti kalo lagi kerja kebulan asap bagaimana bisa berhenti pemerintaha
262,rt wah sekarang indonesia punya congrats kalimantan timur btw followers ada yang dari kal
263,parade foto miss glam world muncratkan air padamkan karhutla di calon lokasi ibu kota baru ri
264,ibukota baru nanti kena agas juga enggak ya
265,rt pemerintah berencana untuk menjual sebagian lahan di ibu kota baru negara ke kalangan umum lantas kapan lahan tersebut siap
266,buat tutup utang haha rt pemerintah berencana untuk menjual sebagian lahan di i
267,pemerintah berencana untuk menjual sebagian lahan di ibu kota baru negara ke kalangan umum lantas kapan lahan ters
268,perpindahan ibukota indonesia ke kalimantan timur masih menuai pro dan kontra di dpr dan pemerintahan tapi sepert
269,rt pemerintah mengklaim miliki aset sekitar rp triliun di jakarta aset itu dinilai bisa jadi modal pendanaan dalam memind
270,komunitas industri big data jadi fondasi utama revolusi industri
271,komunitas industri pertumbuhan pasar sarung tangan karet di dunia
272,bravo semakin gencar pembangunan di
273,komunitas industri mengulas dampak ledakan konsumen kelas menengah di
274,riset industri indonesian lubricant industry market research
275,data industri ledakan konsumen kelas menengah dorong market demand rp triliun
276,rt cc mengapa kita butuh
277,kementerian lingkungan hidup dan kehutanan memastikan penyusunan kajian lingkungan hidup strategis pembangunan ibu
278,bakal di juluki negeri di atas asap
279,rt pengumumanpengmuman presiden bakal mengumumkan lokasi persis ibu kota negara yang baru di pulau kalimantan siang nya
280,menteri atrbpn sofyan djalil mengatakan pemerintah akan membentuk badan otorita untuk mengatur lahan di ibu kota b
281,ibu kota baru aman dari kebakaran hutan dan lahan
282,cc mengapa kita butuh
283,liputan sctv mengenai jalan poros samarinda anggana yang rusak sudah lima tahun dan korban meregang nyawa
284,pemerintah saat ini sedang menggodok rancangan undangundang ruu tentang pertanahan bagaimana strategi yang disi
285,update ibu kota negara bikin pansus pemindahan ibukota dpr gerak cepat
286,rt bukit batuah balikpapan berselimut kabut asap dan ancaman kesehatan warga menderita ispa
287,rt pemerintah saat ini sedang menggodok rancangan undangundang ruu tentang pertanahan bagaimana strategi yang disiapkan
288,beri dukungan untuk revisi uu kpk
289,bukit batuah balikpapan berselimut kabut asap dan ancaman kesehatan warga menderita ispa
290,temuan audit bpk menyatakan sistem kpk bermasalah
291,majalah tempo melanggar pasal a kitab undangundang hukum pidana
292,bersihkan kpk dari kelompok radikal dan taliban
293,usir para provokator dari kpk
294,ada pertemuan rahasia antara pas fz dan wadah pegawai kpk
295,bersihkan kpk dari para taliban
296,jika merasa tidak bersalah mengapa kabur
297,revisi uu kpk menjadikan kpk lebih baik
298,permasalahan manakah yang akan diselesaikan terlebih dahulu jika ibu kota dipilih karena letaknya di tengah tengah
299,rt pemerintah mengklaim miliki aset sekitar rp triliun di jakarta aset itu dinilai bisa jadi modal pendanaan dalam me
300,pemerintah mengklaim miliki aset sekitar rp triliun di jakarta aset itu dinilai bisa jadi modal pendanaan sudah
301,presiden jokowi menyetujui dibentuknya dewan pengawas kpk
302,kemarin pamit sekarang balik lagi
303,rt saat bangun pagi aku kira embun yang menyapa ternyata kabut asap yang menimpa biar pun level udara berbahaya yaudah sepedaan a
304,didominasi pdip ini daftar anggota pansus ibu kota kaltim
305,rt kalo pakai ilmu sok tau desadesa yang gue highlight dengan warna kuning berpotensi besar menjadi lokasi inti dari calon ibukota
306,pemerintah punya modal bangun ibu kota baru ri dari aset di jakarta senilai rp triliun
307,merintis jalur eksport hak cipta most wanted entrepreneur
308,rt kepala bappenas bambang brodjonegoro menilai dengan pemindahan ibu kota investasi ke kalimantan timur kaltim akan melonjak
309,jpo nya keren diibukota baru kapan ada jpo yang kerenyaa the sultan hotel residen
310,kepala bappenas bambang brodjonegoro menilai dengan pemindahan ibu kota investasi ke kalimantan timur kaltim aka
311,rt untuk mengetahui potensi investasi yang disebabkan pemindahan ibu kota baru bappenas melakukan diskusi nasional membahas
312,untuk mengetahui potensi investasi yang disebabkan pemindahan ibu kota baru bappenas melakukan diskusi nasional me
313,pindahnya ibukota ke kalimantan bisa nebelin buku sejarah lagi nih
314,saat bangun pagi aku kira embun yang menyapa ternyata kabut asap yang menimpa biar pun level udara berbahaya yaudah sep
315,rt ingatkah dulu kau tinggalkanku layaknya sampah kau melihatku sebagai orang tak berharga menangislah sayang sesali semua yang
316,dpr ri belum bentuk pansus undangundang ibu kota baru nanti pansus diisi banyak pdi perjuangan
317,pupr siapkan tol samarindabontang untuk ibu kota baru
318,pimpinan kpk yang mundur itu cengeng
319,era kpk taliban
320,pimpinan kpk ingkar sumpah
321,undangan peliputan lepasnya tanggung jawab para pimpinan kpk
322,untuk kpk yang lebih sehat
323,ibu kota mau dipindah begini faktafakta potensi pertanian di kaltim
324,halo gyro sambil ngisi luang di sela kemacetan keramaian pulang kantor hayoo ada yang bisa tebak dalam waktu
325,rt sudah taukah kalian tentang ibukota baru indonesia
326,rt daerah jakarta mana menurut kalian semua yang paling kece kalau menurut kita sih disini
327,daerah jakarta mana menurut kalian semua yang paling kece kalau menurut kita sih disini
328,rt komunitas industri mengulas strategi unicorn mengolah bisnis jadi lab
329,komunitas industri mengulas strategi unicorn mengolah bisnis jadi lab
330,rt polemik standar ndpe vs ispo di industri perkebunan sawit
331,polemik standar ndpe vs ispo di industri perkebunan sawit
332,ri serang balik eropa karena biodiesel dihambat bm impor
333,setelah eropa rusia diamdiam bakal naikkan pajak sawit ri hingga
334,selamat pagi dunia selamat menjalankan aktivitas bagi yang sedang phbpts semoga di beri kemudahan dalam mengerjaka
335,selamat terpilihnya ketua kpk
336,untuk perubahan lebih baik
337,program dukungan untuk papua
