X,text,score,sentiment
1,lurah duga kuat lokasi baru ri kaltim satu sulit tembus sinyal telkomsel,2,positive
3,selamat jalan tugas,0,positive
4,just info telkomsel bangun bts baru link,1,positive
5,cermin wanita wanita,2,positive
6,ingin tinggal beberapa legacy enggak,1,positive
7,karena sudah resmi umum akan pindah ke kenalgdut banjar,-1,negative
8,sejumlah gawai neger sipil menteri lembaga pemerintah pusat cemas pindah baru,2,positive
9,gua ulang biar keselek,-2,negative
10,saja harus sudah cukup baca sih,-2,negative
11,suatu saat kalian akan lomba renang lari  loncat,-1,negative
13,breaking news pansus pemindahan negara tiba samarinda,0,positive
15,lokasi baru ingat bangun negara jaga hulu demi air,0,positive
16,ukur sinyal telkomsel calon baru lewat,1,positive
17,tuju dki ppu,0,positive
18,pemerintah harus ajar pemindahan dari kazakhstan,-1,negative
19,just info telkomsel punya lebih dari bts lokasi baru follow,1,positive
20,calon kabupaten najam paser ppu sempat kepung kabut asap imbas bakar hu,-3,negative
21,tidak ada lima alasan apa pemerintah tetap provinsi kalimat yaitu satu risiko ,0,positive
22,risiko bencana minim rupa salah satu alas presiden pilih provinsi bagai lokal,-1,negative
23,dasar timbang bagai kaji telah laku hari ini presiden resmi umum pemindah,-3,negative
24,calon kabupaten najam paser ppu sempat kepung kabut asap imbas ke,-1,negative
25,calon kabupaten najam paser ppu sempat kepung kabut asap imbas kebakara,-2,negative
26,ada baru nih apa,1,positive
27,warga najam paser tolak jargas pemkab edukasi pakai jargas banyak untung,1,positive
28,mentawir desa wisata negara r milik hutan bambu luas bisa kurang guna plastik,0,positive
29,baru bagi pemenuhan pasar properti spekulatif timbang upaya besar sedia lingkung huni ya,1,positive
30,update negara urus perut bukan impor,-2,negative
31,baru mata untuk cipta uang investasi untuk hedge funds cipta tidak ada hubu,3,positive
32,brasilia misal juga amat orientasi fisik skala besar mobil pribadi lebih tampak seperti tumpuk,0,positive
33,belum hilang dari ingat proyek bandara kertajati dominan orientasi fisiknyapada akhir tidak jadi banda,-2,negative
34,sumberdaya begitu besar mobilisasi bagi produksi baru ironis pada akhir tidak ada penghu,1,positive
35,seperti telah jadi kota besar lainnyajangan sampai baru hanya untuk bagi kelompok upper,2,positive
36,ambil contoh negara tengah seperti dubai doha dengan bangun tampak absurd untuk sia,2,positive
37,ada kenal dengan mahasiswa ini,0,positive
38,asn se harus ikut atur uu asn,-1,negative
39,tokoh adat tokoh agama kota sorong,1,positive
40,serbu kpk,0,positive
41,komisioner playing victim,0,positive
42,hatihati banyak provokasi tuju pecah belah stop hoax,-3,negative
43,jadi tiongkok kota kota baru produksi bagi kebtuhan ekspansi sebut seringkali,1,positive
44,baik selamat datang area sambal terong pedas selamat buat,1,positive
45,yuk kita doa moga proses pindah jalan dengan lancar moga dengan pindah negara ke kali,0,positive
46,bapak presiden umum negara akan pindah ke tentu nanti kita harap,0,positive
47,bangun kota produksi kota baru sudah jadi bagi besar utama dari proses tumpuk para,2,positive
48,ajar brasilia jadi mesin sedot bagi tumpuk untuk biak kapital barusu,0,positive
49,bangun dari dekat helikopter tabur blok bangun suai selera kuasa hendak,0,positive
50,ajar jauh meleset dari rencana awal bagai kota egaliter brasilia njelma jadi mesin besar p,-3,negative
51,ajar kamu dari brasilia muncul favela santa luziadipenuhi gubug metarial sisa keluarg,-2,negative
52,ajar kota brasilia mesti bangun agar egaliter kenyataanya lingkung huni terban,-1,negative
53,hanya rezim ini wkwkw,0,positive
54,ajar dari brasilia zona huni kelas kerja lokasi jauh dari pusat kotapekerja berangkat saja,-3,negative
58,rujuk prof jangan gehl seperti pada desain tidak bisa rancang hanya dengan naik pesawat pulan,3,positive
59,desain ini hanya peduli pada skala raksasa skala modal usaha abai hadap skala manusia,-2,negative
60,dengan desain baru demikian rencana tidak pernah pikir kota ini bisa nikmat sambil ber,1,positive
61,kalimantan dari atas helikopter tampak dramatis heboh dengan karakter bintang lima dengan,2,positive
63,perancana terbang tinggi tinggal bumi pijakannyadan mulai mengambardari tinggi jauh kak,-1,negative
64,ulang salah brasiliacity planning from high aboveindah dari helikopterkota skala besar,-2,negative
65,desain tampak sekal ulang dari brasilia bangun tahun blunder sebut,-1,negative
66,tuju banget aku dengan ibu baru dengan alaskemacetan jakarta,1,positive
68,selamat tugas untuk jalan amanah,1,positive
70,pilgub anies aku datang aku lihat aku menang pilpres jokowi aku datang aku lihat aku pindah,1,positive
72,presiden jokowi pindah oposisi panas kunjung youtube adianna tv video lengkap,-2,negative
76,ya aji ya ngopi manut opojare kiyai dokumentasi karya sablon shift custom made screen printing,-2,negative
80,jemur lama gantung saja hilang apalagi asa,-3,negative
82,mentawir wisata unggul lokasi baru najam paser alam lestari jaga,2,positive
83,unjung pantai manggar balikpapan keluh minim wahana hibur tak ada tambah,1,positive
85,mari samasama doa sejuk papua,0,positive
86,status sangka kasus provokasi rusuh rasial,-2,negative
87,revisi uu kpk bukan untuk lemah tetapi ubah strategi agar kpk jadi lebih baik,-1,negative
88,stop provokasi ujar benci,-3,negative
89,hanya buat situasi makin gaduh,-1,negative
90,update negara baru air bersih pasok dari bendung,1,positive
91,lebih rincinya bagaimana agar lepas lahan sebut jatuh ke mereka benarbenar pas terima alias first home buyer ada,-1,negative
92,nah sejati negara bisa tiru lakon setneg untuk aset lahan kota baru mayor kita lihat ada banyak,1,positive
93,mari kita bahas tentang rencana pemerintah ngelego lahan negara baru untuk huni para milenial sejati,1,positive
94,menteri rencana bangun nasional ppn kepala bappenas bambang brodjonegoro atak nilai barang mil,-2,negative
95,saya sudah lokasi ya mbak,-1,negative
96,pemerintah segera cabut konsesi lahan sukanto tanoto baru tanah bukan tanah mi,-3,negative
97,festival kota lama,0,positive
98,masa depan enggak bisa lihat tapi bisa siap,2,positive
99,pemerintah segera cabut konsesi lahan sukanto tanoto baru tanah bukan,-2,negative
100,jaga damai papua papua,0,positive
101,dahulu kala suku paser sudah ramal akan ada adab baru wilayah najam kaltim,1,positive
102,kalau tidak sa pulang ke beri klarifikasi,0,positive
103,ham seruk cepat antik pimpin kpk pilih,1,positive
104,agus rahardjo cs jilat ludah sendiri,0,positive
105,angkat koper dari gedung kpk sekarang juga,1,positive
106,update negara tidak ada kabel listrik gas elpiji,-1,negative
107,mau tau berita kini dengan sudut pandang beda klik saja atau follow klik,-5,negative
108,alhamdulilah hujan ahirnya calon,1,positive
109,ibu kota negara r pindah ke bangun gedung baru dpr r jakarta batal,2,positive
110,indonesia tanah air beta,-2,negative
111,dpr batal ingin bangun gedung baru kompleks parlemen jakarta susul rencana pemerintah min,0,positive
112,ibu kota baru loh,1,positive
113,siap atau tidak saya tidak akan izin konsesi lahan jadi tempat lokasi sudah jadi lokasi ra,-1,negative
114,pemindahan enggak perlu jauh ke kan deh jadi lokasi titik api rawan karhutla bencana,-1,negative
115,rejeki nomplok nih pak usaha kenal jadi trending br ini bakal jadi otak balik gagal rencana,-1,negative
116,saya rasa saya ke bakal jadi lokasi paling rawan karhutla kabut asap saya punya sol,-2,negative
117,menteri lingkung hidup hutan klhk tengah siap kaji lingkung hidup strategis klhs untuk,3,positive
118,menteri agraria tata ruang atr sofyan djalil berik respon soal lahan konsesi miliuner baru,0,positive
119,untuk papua tetap satu tetap,1,positive
121,sila pindah jakarta akan kami buat seperti kota sayidina muhammad saw takbir,0,positive
122,pemerintah segera cabut konsesi lahan sukanto tanoto baru jadi tanah bukan milik sih,-3,negative
123,nilai perlu ada orang tugas khusus menangani pemindahan dari jakarta ke kuta,-1,negative
124,ayo kita dukung revisi uu kpk,0,positive
125,calon r dampak kabut asap dapat informasi lain live streaming,-4,negative
126,menteri rencana bangun nasional ppnkepala bappenas bambang brodjonegoro atak telah minta klhk untuk p,1,positive
127,pengambilalihan konsesi lahan sebut bisa laku tanpa syarat ganti rugi dari negara,-2,negative
128,presiden jokowi cabut lahan sukanto tanoto baru pada oktober,2,positive
129,pemerintah lalu klhk sedang siap lepas status lahan hti milik sukant,-2,negative
130,karena lepas konsesi lahan status hti bisa laku tanpa tunggu masa konsesi habis,-2,negative
131,atur bisa tanpa ganti rugi memang ketika mereka dapat lahan itu mereka sudah tahu konsekuensi,-3,negative
133,konsesi lahan tanoto segera cabut untuk baru,0,positive
134,lepas konsesi lahan status hti bisa laku tanpa tunggu masa konsesi habis lahan sebut guna untuk,-1,negative
135,lepas konsesi lahan status hti bisa laku tanpa tunggu masa konsesi habis lahan sebut guna,-1,negative
137,jadi baru lahan sukanto tanotoambilalih negara,1,positive
138,wakil ketua umum gerindra arief poyuono ajak warga dki jakarta tolak rencana presiden joko widodo alias jokowi obral,0,positive
140,pemerintah cabut status konsesi lahan usaha sukanto tanoto untuk baru,0,positive
141,pengambilalihan konsesi lahan sukanto tanoto bisa laku tanpa syarat ganti rugi dari negara,-2,negative
142,untuk penting negara konsesi lahan usaha sukanto tanoto cabut,-1,negative
143,sukanto bisa antisipasi dampak dari pengambilalihan konsesi lahan sebut,-1,negative
144,wakil ketua umum gerindra arief poyuono ajak warga dki jakarta tolak rencana presiden joko widodo alias jokow,0,positive
146,breaking news karhutla gunung seteleng najam paser kaltim bara lagi,0,positive
147,bambang brodjonegoro pemerintah lalu klhk sedang siap lepas status lahan hutan tanam,-1,negative
149,hal ini laku jalan dengan minta bappenas agar bangun baru tetap suai jadwal t,-1,negative
150,pemerintah lalu menteri lingkung hidup hutan klhk tengah siap lepas status terse,1,positive
151,menteri rencana bangun nasionalkepala bappenas bambang psih brodjonegoro satak konsesi lahan suka,0,positive
152,bangun baru tetap akan jalan suai jadwal tetap pemerintah rencana konstruksi t,0,positive
153,lahan milik negara baru siap bangun,1,positive
154,lahan hti kawasan baru milik negara,0,negative
155,pemandangan tengah macet demo ada papan tulis pindah pindah planet menar,-1,negative
156,lahan baru tidak ada ganti rugi,-1,negative
159,update negara bangun jalan groundbreaking,-1,negative
160,pemerintah segera cabut konsesi lahan sukanto tanoto baru jadi tanah buka,-1,negative
161,lahan mau pakai negara naga tak kutik,0,negative
162,bappenas sebut akhir tahun konsensi lahan sukanto tanoto akan tarik,1,positive
163,canggih negara baru akan punya angkut massal tanpa awak,1,positive
165,anggota dpr r asal bentuk kaukus dpr r mulus pemindahan negara ke kaltim,1,positive
166,makan siang sambil ngopi pertama kali lapo sentul bogor jawa jawa b,2,positive
168,jadi salah satu portal online besar basis koran lokal usia tahun,-1,negative
169,budi karya bilang pihak telah siap konsep smart city smart mobility untuk tunjang konektivitas baru n,2,positive
170,ikut jejak kini thailand pun ingin pindah dengan alas sama dengan presiden jokowi rabu se,-2,negative
171,tindaklanjutnya untuk tolak gusur akan kena jerat hukum,-1,negative
172,tidak pindah negara ke dari sekarang davao akan kembang,1,positive
173,ikut jejak kini thailand pun ingin pindah dengan alas sama dengan presiden jokowi ra,-2,negative
174,enggak usah tanggap paka enggak paham mana hak milik hgb hgu kalaua paham pasti tida,-4,negative
175,menhub budi karya sumadi tinjau lokasi calon baru samboja kabupaten kuta kartanegara dengan gu,1,positive
177,bhay paruparu dunia terima kasih sudah jadi tolong kami lama ini tampak lah,2,negative
178,lahan calon baru sebut milik sukanto tanoto,0,negative
180,orang jakarta bilang saya gue jadi mau pindah ke apakah orang omong saya gue,-2,negative
181,ibu kota bakal pindah ke apakah hal ini juga bakal pengaruh sama geliat skena musik pulau,0,positive
182,sukanto tanotoketahui milik konsesi lahan lokasi calon baru belum lahan sebut milik oleh hashi,-3,negative
183,pace jangan patah semangat demi demi papua,-1,negative
184,budi karya bilang pihak telah siap konsep smart city smart mobility untuk tunjang konektivitas ibu kak,1,positive
185,sukanto tanotoketahui milik konsesi lahan lokasi calon baru belum lahan sebut milik,-4,negative
186,ruu tanah payung hukum,-1,negative
187,menteri rencana bangun nasional ppnkepala bappenas bambang brodjonegoro atak telah minta klhk,1,positive
189,ribu tnipolri bakal aman ke baru baca lengkap sini,0,positive
190,ibu kota baru kabar akan tempat bagi lahan kuasa sukanto tanoto lahan sebut sama,1,positive
193,bappenas jelas soal kabar lokasi baru r kuasa sukanto tanoto,2,positive
194,menhub budi karya sumadi tinjau lokasi calon baru samboja kabupaten kuta kartanegara dengan,1,positive
195,kepala bappenas benar lahan baru kuasa sukanto tanoto financedetikcom,1,positive
196,siapa sukanto tanoto konglomerat sebut punya lahan hti kawasan calon baru r,1,positive
197,menteri hubung kagum lokasi baru r tempat ini sebut cantik,3,positive
198,dukung revisi uu kpk,0,positive
199,ibu kota bakal pindah ke apakah hal ini juga bakal pengaruh sama geliat skena musik pulau kaliman,0,positive
200,kawasan bukit sentul city bogor jawa jawa saing kalimant,2,positive
201,khusus rumah aparatur sipil negara asn atau pns baru bambang sebut desain ialah huni vertikal ibu,0,positive
202,moda transportasi calon baruri atas beberapa pilih bus angkut umum hingga ojek o,1,positive
203,malah bikin lancar jaya enggak akan ada konflik dengan masyarakat adat a,-1,negative
204,sukanto tanoto kuasa lahan hti lokasi baru r target capai majudik,2,positive
205,nyata hidup jekardah itu keras ya makanya enggak cocok lagi jadi dki neg,1,positive
206,siapa sukanto tanoto orang sebut kuasa lahan hti kawasan baru,1,positive
207,moda transportasi calon baruri atas beberapa pilih bus angkut umum hingga ojek opnline,1,positive
208,siapa sukanto tanoto milik lahan calon baru r,0,positive
209,ini toh kuasa tanah baru muka mirip tokoh jahat film kungfu hustle ya tokoh sakti y,1,positive
210,ya habis uang nya mau pakai dulu buat bikin sama pak,1,positive
211,bahas tol balsam presiden joko widodo singgung samboja lokasi baru r,1,positive
212,novel tempo leaks laku mufakat jahat bocor rahasia negara,-3,negative
213,pbb mulai intervensi masalah veronica koman ganggu wewenang polri,-1,negative
214,alas apa kpk perlu dewan awas,-1,negative
215,selain jadi adik rafathar citacita admin lain adalah jadi anak pak sukanto tanoto,0,negative
216,orang konglomerat sukanto tanoto sebut kuasa lahan hti kawasan,0,negative
217,menteri hubung budi karya sumadi hari ini laku kunjung kerja ke provinsi beliau jadwal men,2,positive
218,sukanto tanoto milik lahan baru bappenas blakblakan soal ini,0,negative
219,menteri hubung budi karya sumadi hari ini laku kunjung kerja ke provinsi beliaujad,2,positive
220,terima kasih pada baca solopos pada hut ke kami luncur website baru bagai simbol semangat ubah,4,positive
221,kuta style highway road,0,positive
222,gin saja harus sudah cukup baca sih,-2,negative
223,bimbing teknis tingkat tata kelola destinasi pariwisata kota balikpapan,0,positive
225,ungkap tanah r kuasa oleh china atas nama sukanto tanoto,1,positive
226,nanggung amat ya kenapa enggak kalian,-1,negative
228,ibu kota baru akan tempat lahan kuasa miliuner sukanto tanoto lahan sebut rupa hutan,2,positive
229,walikota balikpapan minta institut teknologi itk jadi proyek national,0,positive
231,ibu kota baru akan tempat lahan kuasa miliuner sukanto tanoto lahan sebut rupa,2,positive
232,kepala bappenas bambang brodjonegoro beri tanggap soal bencana bakar hutan kait dengan lokasi baru,-2,negative
234,kepala bappenas bambang brodjonegoro beri tanggap soal bencana bakar hutan kait dengan lokasi baru,-2,negative
236,dialog nasional iv pemindahan negara jual aset negara bukan opsi utama lengkap hati,-1,negative
237,jackpot dewa golden crown poker bonus new member max rp bonus hari max rp bonus,3,positive
238,detikers yuk ikut jalan tim detikcom jelajah lokasi calon baru republik,-1,negative
240,kepala bappenas bambang brodjonegoro jelas beda antara bangun kota mandiri dengan bangun ibu kak,-1,negative
241,pansus pemindahan negara bakal bahas spesifik lokasi serta aparatur regulasi,-1,negative
242,dialog nasional iv pemindahan negara jual aset negara bukan opsi utama leng,0,positive
243,biasa kalo gedung lama enggak pakai bakal jadi tempat uji nyali atau paling banter jadi museum sih apakah ged,0,positive
244,najam paser rupa lokasi putus jokowi bagai baru untuk bukti kami menyambangi kab,0,positive
245,selamat tugas pak,1,positive
246,revisi undangundang kpk jalan mulus barter dengan pemindahan negara kaltim,0,positive
247,najam paser rupa lokasi putus jokowi bagai baru untuk bukti kami menya,0,negative
248,menteri usaha properti akan kumpul dalam acara rakornas bidang properti kamar dagang industri kadin,0,positive
249,dua kabupaten kaltim pasti akan jadi yaitu kuta kartanegara najam paser yuk lihat potret ke,-1,negative
250,hasut bambang widjojanto,0,negative
251,oap telah kembali ke ibu pertiwi,1,positive
252,hutan asri nkri makmur,1,positive
253,mari dukung pimpin kpk baru,1,positive
255,papua new guinea selalu dukung papua papua adalah bagi nkri,-1,negative
256,dpr resmi revisi uu kpk,-1,negative
257,dua kabupaten kaltim pasti akan jadi yaitu kuta kartanegara najam paser yuk lihat,-2,negative
258,pemindahan negara ke kaltim demi hilang timpang saat usia tahun,-1,negative
259,yakin mau pindah ke pak nanti kalo lagi kerja kebul asap bagaimana bisa henti pemerintaha,0,negative
261,parade foto miss glam world muncrat air padam karhutla calon lokasi baru r,0,positive
262,ibukota baru nanti kena agas juga enggak ya,0,negative
263,pemerintah rencana untuk jual bagi lahan baru negara ke kalangan umum lantas kapan lahan sebut siap,3,positive
264,buat tutup utang haha rt pemerintah rencana untuk jual bagi lahan i,0,negative
265,pemerintah rencana untuk jual bagi lahan baru negara ke kalangan umum lantas kapan lahan s,2,positive
266,pindah ke masih tuai pro kontra dpr pemerintahan tapi sepert,-1,negative
267,pemerintah klaim milik aset kitar rp triliun jakarta aset itu nilai bisa jadi modala dalam memind,-1,negative
268,komunitas industri big data jadi fondasi utama revolusi industri,1,positive
269,komunitas industri tumbuh pasar sarung tang karet dunia,1,positive
270,bravo makin gencar bangun,-2,negative
273,data industri ledak konsumen kelas tengah dorong market demand rp triliun,0,positive
275,menteri lingkung hidup hutan mastik susun kaji lingkung hidup strategis bangun ibu,2,positive
276,bakal juluk neger atas asap,-1,negative
277,pengumumanpengmuman presiden bakal umum lokasi persis negara baru pulau siang nya,1,positive
278,menteri atrbpn sofyan djalil atak pemerintah akan bentuk badan otorita untuk atur lahan b,0,positive
279,ibu kota baru aman dari bakar hutan lahan,-1,negative
281,liput sctv kena jalan poros samarinda anggana rusak sudah lima tahun korban regang nyawa,-4,negative
282,pemerintah saat ini sedang godok rancang undangundang ruu tentang tanah bagaimana strategi si,-2,negative
283,update negara bikin pansus pemindahan dpr gerak cepat,2,positive
284,bukit batuah balikpapan selimut kabut asap ancam sehat warga derita ispa,-4,negative
285,pemerintah saat ini sedang godok rancang undangundang ruu tentang tanah bagaimana strategi siap,-1,negative
286,beri dukung untuk revisi uu kpk,0,positive
288,temu audit bpk satak sistem kpk masa,1,positive
289,majalah tempo langgar pasal a kitab undangundang hukum pidana,-1,negative
290,bersih kpk dari kelompok radikal talib,-1,negative
291,usir para provokator dari kpk,0,positive
292,ada temu rahasia antara pas fz wadah gawai kpk,-1,negative
293,bersih kpk dari para talib,1,positive
294,jika rasa tidak sa apa kabur,-2,negative
295,revisi uu kpk jadi kpk lebih baik,0,positive
296,masalah mana akan selesa lebih dahulu jika pilih letak tengah tengah,-2,negative
297,pemerintah klaim milik aset kitar rp triliun jakarta aset itu nilai bisa jadi modala dalam me,-1,negative
298,pemerintah klaim milik aset kitar rp triliun jakarta aset itu nilai bisa jadi modala sudah,-1,negative
299,presiden jokowi menyetujui bentuk dewan awas kpk,-2,negative
300,kemarin pamit sekarang balik lagi,1,positive
301,saat bangun pagi aku kira embun sapa nyata kabut asap timpa biar pun level udara bahaya yaudah sepeda a,-3,negative
302,dominasi pdip ini daftar anggota pansus kaltim,0,positive
303,kalo pakai ilmu sok tau desadesa gue highlight dengan warna kuning potensi besar jadi lokasi inti dari calon,-1,negative
304,pemerintah punya modal bangun baru r dari aset jakarta nilai rp triliun,0,negative
305,rintis jalur eksport hak cipta most wanted entrepreneur,1,positive
306,kepala bappenas bambang brodjonegoro nilai dengan pemindahan investasi ke kaltim akan lonjak,-1,negative
307,jpo nya kerenibukota baru kapan ada jpo kerenyaa the sultan hotel residen,2,positive
308,kepala bappenas bambang brodjonegoro nilai dengan pemindahan investasi ke kaltim aka,-1,negative
309,untuk tahu potensi investasi pemindahan baru bappenas lakuskusi nasional bahas,1,positive
311,pindah ke bisa nebelin buku sejarah lagi nih,1,positive
312,saat bangun pagi aku kira embun sapa nyata kabut asap timpa biar pun level udara bahaya yaudah sep,-3,negative
313,ingat dulu kau tinggal layak sampah kau lihat bagai orang tak harga tangis sasesal semua,-1,negative
314,dpr r belum bentuk pansus undangundang baru nanti pansus isi banyak pdi juang,-2,negative
315,pupr siap tol samarindabontang untuk baru,2,positive
316,pimpin kpk mundur itu cengeng,-2,negative
317,era kpk talib,0,positive
318,pimpin kpk ingkar sumpah,-1,negative
319,undang liput lepas tanggung jawab para pimpin kpk,-1,negative
320,untuk kpk lebih sehat,0,positive
321,ibu kota mau pindah begini faktafakta potensi tani kaltim,0,positive
322,halo gyro sambil ngisi luang sela macet ramai pulang kantor hayoo ada bisa tebak dalam waktu,-1,negative
324,daerah jakarta mana turut kalian semua paling kece kalau turut kita sih sini,0,positive
326,komunitas industri ulas strategi unicorn o bisnis jadi lab,0,positive
328,polemik standar ndpe vs ispo industri kebun sawit,0,positive
330,serang balik eropa biodiesel hambat bm impor,0,positive
331,setelah eropa rusiaamdiam bakal naik pajak sawit,0,negative
332,selamat pagi dunia selamat jalan aktivitas bagi sedang phbpts moga beri mudah dalam mengerjaka,0,positive
333,selamat pilih ketua kpk,1,positive
